Gender,Right Hand,Left Hand,Twitter,GitHub,Sleep Hours,Transaction Hash
,123,123,asdf,asdf,4,DD12048576888181ABBA50C48704D967F30240CE29998C12685C623AC3A63AED
,123,234,asdf,sdfg,5,DD12048576888181ABBA50C48704D967F30240CE29998C12685C623AC3A63AED
,234,345,asdf,asdf,4,DD12048576888181ABBA50C48704D967F30240CE29998C12685C623AC3A63AED
,123,123,,asdf,4,DD12048576888181ABBA50C48704D967F30240CE29998C12685C623AC3A63AED
,123,123,asdf,asdf,5,DD12048576888181ABBA50C48704D967F30240CE29998C12685C623AC3A63AED
,123,123,asdf,asdf,5,DD12048576888181ABBA50C48704D967F30240CE29998C12685C623AC3A63AED
,123,123,asdf,asdf,5,DD12048576888181ABBA50C48704D967F30240CE29998C12685C623AC3A63AED
,123,123,asdf,asdf,234,DD12048576888181ABBA50C48704D967F30240CE29998C12685C623AC3A63AED
,123,234,asd,sdf,4,DD12048576888181ABBA50C48704D967F30240CE29998C12685C623AC3A63AED
,123,123,asdf,asdf,5,DD12048576888181ABBA50C48704D967F30240CE29998C12685C623AC3A63AED
,123,123,asdf,asdf,4,DD12048576888181ABBA50C4804D967F30240CE29998C12685C623AC3A63AED
,123,123,asdf,asdf,6,DD12048576888181ABBA50C4804D967F30240CE29998C12685C623AC3A63AED
,123,123,asdf,asdf,5,DD12048576888181ABBA50C4804D967F30240CE29998C12685C623AC3A63AED
,123,123,asdf,asdf,5,DD12048576888181ABBA50C4804D967F30240CE29998C12685C623AC3A63AED
,123,123,asdf,asdf,5,DD12048576888181ABBA50C4804D967F30240CE29998C12685C623AC3A63AED
,123,123,asdf,asdf,5,DD12048576888181ABBA50C4804D967F30240CE29998C12685C623AC3A63AED
,123,123,asdf,asdf,5,DD12048576888181ABBA50C4804D967F30240CE29998C12685C623AC3A63AED
,123,123,asdf,asdf,4,DD12048576888181ABBA50C4804D967F30240CE29998C12685C623AC3A63AED
,123,123,asdf,asdf,4,DD12048576888181ABBA50C4804D967F30240CE29998C12685C623AC3A63AED
,123,123,asdf,asdf,5,DD12048576888181ABBA50C4804D967F30240CE29998C12685C623AC3A63AED
,123,123,asdf,asdf,4,DD12048576888181ABBA50C4804D967F30240CE29998C12685C623AC3A63AED
,123,123,asdf,asdf,5,DD12048576888181ABBA50C4804D967F30240CE29998C12685C623AC3A63AED
,123,123,asdf,asdf,5,DD12048576888181ABBA50C4804D967F30240CE29998C12685C623AC3A63AED
,123,123,asdf,asdf,5,DD12048576888181ABBA50C4804D967F30240CE29998C12685C623AC3A63AED
,123,123,asdf,asdf,5,DD12048576888181ABBA50C4804D967F30240CE29998C12685C623AC3A63AED
,123,123,asdf,asdf,5,DD12048576888181ABBA50C4804D967F30240CE29998C12685C623AC3A63AED
,123,123,asdf,asdf,5,DD12048576888181ABBA50C4804D967F30240CE29998C12685C623AC3A63AED
,123,123,asdf,asdf,5,DD12048576888181ABBA50C4804D967F30240CE29998C12685C623AC3A63AED
,123,123,asdf,asdf,5,DD12048576888181ABBA50C4804D967F30240CE29998C12685C623AC3A63AED
,123,123,asdf,asdf,56,DD12048576888181ABBA50C4804D967F30240CE29998C12685C623AC3A63AED
,123,123,asdf,asdf,5,DD12048576888181ABBA50C4804D967F30240CE29998C12685C623AC3A63AED
,123,123,asdf,asdf,5,DD12048576888181ABBA50C4804D967F30240CE29998C12685C623AC3A63AED
,123,123,asdf,asdf,5,DD12048576888181ABBA50C4804D967F30240CE29998C12685C623AC3A63AED
,123,123,asdf,asdf,5,DD12048576888181ABBA50C4804D967F30240CE29998C12685C623AC3A63AED
,123,123,asdf,asdf,5,DD12048576888181ABBA50C4804D967F30240CE29998C12685C623AC3A63AED
,123,123,asdf,asdf,5,DD12048576888181ABBA50C4804D967F30240CE29998C12685C623AC3A63AED
,123,123,asdf,asdf,4,DD12048576888181ABBA50C4804D967F30240CE29998C12685C623AC3A63AED
,123,123,asdf,asdf,5,DD12048576888181ABBA50C4804D967F30240CE29998C12685C623AC3A63AED
,123,123,asdf,asdf,6,DD12048576888181ABBA50C4804D967F30240CE29998C12685C623AC3A63AED
,123,123,asdf,asdf,6,DD12048576888181ABBA50C4804D967F30240CE29998C12685C623AC3A63AED
,123,123,asdf,asdf,6,DD12048576888181ABBA50C4804D967F30240CE29998C12685C623AC3A63AED
,123,123,asdf,asdf,5,DD12048576888181ABBA50C4804D967F30240CE29998C12685C623AC3A63AED
,123,123,asdf,asdf,5,DD12048576888181ABBA50C4804D967F30240CE29998C12685C623AC3A63AED
,123,123,asdf,asdf,5,DD12048576888181ABBA50C4804D967F30240CE29998C12685C623AC3A63AED
,123,123,asdf,asdf,5,DD12048576888181ABBA50C4804D967F30240CE29998C12685C623AC3A63AED
,123,123,asdf,asdf,5,DD12048576888181ABBA50C4804D967F30240CE29998C12685C623AC3A63AED
,123,123,asdf,asdf,5,DD12048576888181ABBA50C4804D967F30240CE29998C12685C623AC3A63AED
,123,123,asdf,asdf,5,DD12048576888181ABBA50C4804D967F30240CE29998C12685C623AC3A63AED
,123,123,asdf,asdf,5,DD12048576888181ABBA50C4804D967F30240CE29998C12685C623AC3A63AED
,123,123,asdf,asdf,5,DD12048576888181ABBA50C4804D967F30240CE29998C12685C623AC3A63AED
,123,123,asdf,asdf,5,DD12048576888181ABBA50C4804D967F30240CE29998C12685C623AC3A63AED
,123,123,asdf,asdf,4,DD12048576888181ABBA50C4804D967F30240CE29998C12685C623AC3A63AED
,123,123,asdf,asdf,5,DD12048576888181ABBA50C4804D967F30240CE29998C12685C623AC3A63AED
,123,123,asdf,asdf,5,DD12048576888181ABBA50C4804D967F30240CE29998C12685C623AC3A63AED
,123,123,1234,1234,5,DD12048576888181ABBA50C4804D967F30240CE29998C12685C623AC3A63AED
,123,123,asdf,asdf,5,DD12048576888181ABBA50C4804D967F30240CE29998C12685C623AC3A63AED
,123,123,asdf,asdf,5,DD12048576888181ABBA50C4804D967F30240CE29998C12685C623AC3A63AED
,123,123,asdf,asdf,5,DD12048576888181ABBA50C4804D967F30240CE29998C12685C623AC3A63AED
,123,123,asdf,asdf,5,DD12048576888181ABBA50C4804D967F30240CE29998C12685C623AC3A63AED
,123,123,asdf,asdf,4,<coroutine object GripStrengthReporter.tip_grip_query at 0x7ba13e3b72c0>
,123,123,asdf,asdf,5,
t,123,123,asdf,asdf,5,
,123,123,asdf,asdf,6,"{'tx': {'body': {'messages': [{'@type': '/layer.oracle.MsgTip', 'tipper': 'tellor17gc67q05d5rgsz9caznm0s7s5eazwg2e3fkk8e', 'query_data': 'AAAAAAAAAAAAAAAAAAAAAAAAAAAAAAAAAAAAAAAAAEAAAAAAAAAAAAAAAAAAAAAAAAAAAAAAAAAAAAAAAAAAgAAAAAAAAAAAAAAAAAAAAAAAAAAAAAAAAAAAAAAAAAANRXRoRGVudmVyVGVzdAAAAAAAAAAAAAAAAAAAAAAAAAAAAAAAAAAAAAAAAAAAAAAAAAAAAAAAAAAAAAAAAAAAYAAAAAAAAAAAAAAAAAAAAAAAAAAAAAAAAAAAAAAAAAAgAAAAAAAAAAAAAAAAAAAAAAAAAAAAAAAAAAAAAAAAABlncmlwX3N0cmVuZ3RoX2R5bmFtb21ldGVyAAAAAAAAAA==', 'amount': {'denom': 'loya', 'amount': '10000'}}], 'memo': '', 'timeout_height': '0', 'extension_options': [], 'non_critical_extension_options': []}, 'auth_info': {'signer_infos': [{'public_key': {'@type': '/cosmos.crypto.secp256k1.PubKey', 'key': 'AjQBGgp1AGejroRS2x/HxNu4EEOAME417hrds3OVka4q'}, 'mode_info': {'single': {'mode': 'SIGN_MODE_DIRECT'}}, 'sequence': '92'}], 'fee': {'amount': [{'denom': 'loya', 'amount': '5'}], 'gas_limit': '161918', 'payer': '', 'granter': ''}, 'tip': None}, 'signatures': ['BLrfdZ8UP+AUsbPtnglGVU30o+gjo89PekFfv6eROSZ2FWXDV3CWoCTGefN1mvW+Y3AdS1M3+URBnI1egKbD6w==']}, 'tx_response': {'height': '673944', 'txhash': '655376948E30F787C9F626F0AEF439E2F0D5EDCFD60680EB866DABB26D76F2AC', 'codespace': '', 'code': 0, 'data': '121E0A1C2F6C617965722E6F7261636C652E4D7367546970526573706F6E7365', 'raw_log': '', 'logs': [], 'info': '', 'gas_wanted': '161918', 'gas_used': '110850', 'tx': {'@type': '/cosmos.tx.v1beta1.Tx', 'body': {'messages': [{'@type': '/layer.oracle.MsgTip', 'tipper': 'tellor17gc67q05d5rgsz9caznm0s7s5eazwg2e3fkk8e', 'query_data': 'AAAAAAAAAAAAAAAAAAAAAAAAAAAAAAAAAAAAAAAAAEAAAAAAAAAAAAAAAAAAAAAAAAAAAAAAAAAAAAAAAAAAgAAAAAAAAAAAAAAAAAAAAAAAAAAAAAAAAAAAAAAAAAANRXRoRGVudmVyVGVzdAAAAAAAAAAAAAAAAAAAAAAAAAAAAAAAAAAAAAAAAAAAAAAAAAAAAAAAAAAAAAAAAAAAYAAAAAAAAAAAAAAAAAAAAAAAAAAAAAAAAAAAAAAAAAAgAAAAAAAAAAAAAAAAAAAAAAAAAAAAAAAAAAAAAAAAABlncmlwX3N0cmVuZ3RoX2R5bmFtb21ldGVyAAAAAAAAAA==', 'amount': {'denom': 'loya', 'amount': '10000'}}], 'memo': '', 'timeout_height': '0', 'extension_options': [], 'non_critical_extension_options': []}, 'auth_info': {'signer_infos': [{'public_key': {'@type': '/cosmos.crypto.secp256k1.PubKey', 'key': 'AjQBGgp1AGejroRS2x/HxNu4EEOAME417hrds3OVka4q'}, 'mode_info': {'single': {'mode': 'SIGN_MODE_DIRECT'}}, 'sequence': '92'}], 'fee': {'amount': [{'denom': 'loya', 'amount': '5'}], 'gas_limit': '161918', 'payer': '', 'granter': ''}, 'tip': None}, 'signatures': ['BLrfdZ8UP+AUsbPtnglGVU30o+gjo89PekFfv6eROSZ2FWXDV3CWoCTGefN1mvW+Y3AdS1M3+URBnI1egKbD6w==']}, 'timestamp': '2025-02-21T19:39:02Z', 'events': [{'type': 'coin_spent', 'attributes': [{'key': 'spender', 'value': 'tellor17gc67q05d5rgsz9caznm0s7s5eazwg2e3fkk8e', 'index': True}, {'key': 'amount', 'value': '5loya', 'index': True}]}, {'type': 'coin_received', 'attributes': [{'key': 'receiver', 'value': 'tellor17xpfvakm2amg962yls6f84z3kell8c5ls06m3g', 'index': True}, {'key': 'amount', 'value': '5loya', 'index': True}]}, {'type': 'transfer', 'attributes': [{'key': 'recipient', 'value': 'tellor17xpfvakm2amg962yls6f84z3kell8c5ls06m3g', 'index': True}, {'key': 'sender', 'value': 'tellor17gc67q05d5rgsz9caznm0s7s5eazwg2e3fkk8e', 'index': True}, {'key': 'amount', 'value': '5loya', 'index': True}]}, {'type': 'message', 'attributes': [{'key': 'sender', 'value': 'tellor17gc67q05d5rgsz9caznm0s7s5eazwg2e3fkk8e', 'index': True}]}, {'type': 'tx', 'attributes': [{'key': 'fee', 'value': '5loya', 'index': True}, {'key': 'fee_payer', 'value': 'tellor17gc67q05d5rgsz9caznm0s7s5eazwg2e3fkk8e', 'index': True}]}, {'type': 'tx', 'attributes': [{'key': 'acc_seq', 'value': 'tellor17gc67q05d5rgsz9caznm0s7s5eazwg2e3fkk8e/92', 'index': True}]}, {'type': 'tx', 'attributes': [{'key': 'signature', 'value': 'BLrfdZ8UP+AUsbPtnglGVU30o+gjo89PekFfv6eROSZ2FWXDV3CWoCTGefN1mvW+Y3AdS1M3+URBnI1egKbD6w==', 'index': True}]}, {'type': 'message', 'attributes': [{'key': 'action', 'value': '/layer.oracle.MsgTip', 'index': True}, {'key': 'sender', 'value': 'tellor17gc67q05d5rgsz9caznm0s7s5eazwg2e3fkk8e', 'index': True}, {'key': 'module', 'value': 'oracle', 'index': True}, {'key': 'msg_index', 'value': '0', 'index': True}]}, {'type': 'coin_spent', 'attributes': [{'key': 'spender', 'value': 'tellor17gc67q05d5rgsz9caznm0s7s5eazwg2e3fkk8e', 'index': True}, {'key': 'amount', 'value': '10000loya', 'index': True}, {'key': 'msg_index', 'value': '0', 'index': True}]}, {'type': 'coin_received', 'attributes': [{'key': 'receiver', 'value': 'tellor1jgp27m8fykex4e4jtt0l7ze8q528ux2l38pvhu', 'index': True}, {'key': 'amount', 'value': '10000loya', 'index': True}, {'key': 'msg_index', 'value': '0', 'index': True}]}, {'type': 'transfer', 'attributes': [{'key': 'recipient', 'value': 'tellor1jgp27m8fykex4e4jtt0l7ze8q528ux2l38pvhu', 'index': True}, {'key': 'sender', 'value': 'tellor17gc67q05d5rgsz9caznm0s7s5eazwg2e3fkk8e', 'index': True}, {'key': 'amount', 'value': '10000loya', 'index': True}, {'key': 'msg_index', 'value': '0', 'index': True}]}, {'type': 'message', 'attributes': [{'key': 'sender', 'value': 'tellor17gc67q05d5rgsz9caznm0s7s5eazwg2e3fkk8e', 'index': True}, {'key': 'msg_index', 'value': '0', 'index': True}]}, {'type': 'coin_spent', 'attributes': [{'key': 'spender', 'value': 'tellor1jgp27m8fykex4e4jtt0l7ze8q528ux2l38pvhu', 'index': True}, {'key': 'amount', 'value': '200loya', 'index': True}, {'key': 'msg_index', 'value': '0', 'index': True}]}, {'type': 'burn', 'attributes': [{'key': 'burner', 'value': 'tellor1jgp27m8fykex4e4jtt0l7ze8q528ux2l38pvhu', 'index': True}, {'key': 'amount', 'value': '200loya', 'index': True}, {'key': 'msg_index', 'value': '0', 'index': True}]}, {'type': 'tip_added', 'attributes': [{'key': 'query_id', 'value': '0432de7bf6851ebf48cadbf3385044d815edd58208259a01aef949f0e445c9a9', 'index': True}, {'key': 'tipper', 'value': 'tellor17gc67q05d5rgsz9caznm0s7s5eazwg2e3fkk8e', 'index': True}, {'key': 'amount', 'value': '9800', 'index': True}, {'key': 'querymeta_id', 'value': '333977', 'index': True}, {'key': 'msg_index', 'value': '0', 'index': True}]}]}}"
,123,123,asdf,asdf,5,"{'tx': {'body': {'messages': [{'@type': '/layer.oracle.MsgTip', 'tipper': 'tellor17gc67q05d5rgsz9caznm0s7s5eazwg2e3fkk8e', 'query_data': 'AAAAAAAAAAAAAAAAAAAAAAAAAAAAAAAAAAAAAAAAAEAAAAAAAAAAAAAAAAAAAAAAAAAAAAAAAAAAAAAAAAAAgAAAAAAAAAAAAAAAAAAAAAAAAAAAAAAAAAAAAAAAAAANRXRoRGVudmVyVGVzdAAAAAAAAAAAAAAAAAAAAAAAAAAAAAAAAAAAAAAAAAAAAAAAAAAAAAAAAAAAAAAAAAAAYAAAAAAAAAAAAAAAAAAAAAAAAAAAAAAAAAAAAAAAAAAgAAAAAAAAAAAAAAAAAAAAAAAAAAAAAAAAAAAAAAAAABlncmlwX3N0cmVuZ3RoX2R5bmFtb21ldGVyAAAAAAAAAA==', 'amount': {'denom': 'loya', 'amount': '10000'}}], 'memo': '', 'timeout_height': '0', 'extension_options': [], 'non_critical_extension_options': []}, 'auth_info': {'signer_infos': [{'public_key': {'@type': '/cosmos.crypto.secp256k1.PubKey', 'key': 'AjQBGgp1AGejroRS2x/HxNu4EEOAME417hrds3OVka4q'}, 'mode_info': {'single': {'mode': 'SIGN_MODE_DIRECT'}}, 'sequence': '93'}], 'fee': {'amount': [{'denom': 'loya', 'amount': '5'}], 'gas_limit': '161918', 'payer': '', 'granter': ''}, 'tip': None}, 'signatures': ['AI13vt2S9gh0eWTqBLZlou4e+a9Nmueb+lwTdISI/ro8i1JYQlFPE55LGVOQ/XLRzOQgXlb659p2WI5yfZKZoA==']}, 'tx_response': {'height': '673982', 'txhash': 'AD6A9DBC1ACDE65EAA2E42BB5F6BEFB5B3B71E9DFC6A689ED8B4BD4825940146', 'codespace': '', 'code': 0, 'data': '121E0A1C2F6C617965722E6F7261636C652E4D7367546970526573706F6E7365', 'raw_log': '', 'logs': [], 'info': '', 'gas_wanted': '161918', 'gas_used': '110850', 'tx': {'@type': '/cosmos.tx.v1beta1.Tx', 'body': {'messages': [{'@type': '/layer.oracle.MsgTip', 'tipper': 'tellor17gc67q05d5rgsz9caznm0s7s5eazwg2e3fkk8e', 'query_data': 'AAAAAAAAAAAAAAAAAAAAAAAAAAAAAAAAAAAAAAAAAEAAAAAAAAAAAAAAAAAAAAAAAAAAAAAAAAAAAAAAAAAAgAAAAAAAAAAAAAAAAAAAAAAAAAAAAAAAAAAAAAAAAAANRXRoRGVudmVyVGVzdAAAAAAAAAAAAAAAAAAAAAAAAAAAAAAAAAAAAAAAAAAAAAAAAAAAAAAAAAAAAAAAAAAAYAAAAAAAAAAAAAAAAAAAAAAAAAAAAAAAAAAAAAAAAAAgAAAAAAAAAAAAAAAAAAAAAAAAAAAAAAAAAAAAAAAAABlncmlwX3N0cmVuZ3RoX2R5bmFtb21ldGVyAAAAAAAAAA==', 'amount': {'denom': 'loya', 'amount': '10000'}}], 'memo': '', 'timeout_height': '0', 'extension_options': [], 'non_critical_extension_options': []}, 'auth_info': {'signer_infos': [{'public_key': {'@type': '/cosmos.crypto.secp256k1.PubKey', 'key': 'AjQBGgp1AGejroRS2x/HxNu4EEOAME417hrds3OVka4q'}, 'mode_info': {'single': {'mode': 'SIGN_MODE_DIRECT'}}, 'sequence': '93'}], 'fee': {'amount': [{'denom': 'loya', 'amount': '5'}], 'gas_limit': '161918', 'payer': '', 'granter': ''}, 'tip': None}, 'signatures': ['AI13vt2S9gh0eWTqBLZlou4e+a9Nmueb+lwTdISI/ro8i1JYQlFPE55LGVOQ/XLRzOQgXlb659p2WI5yfZKZoA==']}, 'timestamp': '2025-02-21T19:40:58Z', 'events': [{'type': 'coin_spent', 'attributes': [{'key': 'spender', 'value': 'tellor17gc67q05d5rgsz9caznm0s7s5eazwg2e3fkk8e', 'index': True}, {'key': 'amount', 'value': '5loya', 'index': True}]}, {'type': 'coin_received', 'attributes': [{'key': 'receiver', 'value': 'tellor17xpfvakm2amg962yls6f84z3kell8c5ls06m3g', 'index': True}, {'key': 'amount', 'value': '5loya', 'index': True}]}, {'type': 'transfer', 'attributes': [{'key': 'recipient', 'value': 'tellor17xpfvakm2amg962yls6f84z3kell8c5ls06m3g', 'index': True}, {'key': 'sender', 'value': 'tellor17gc67q05d5rgsz9caznm0s7s5eazwg2e3fkk8e', 'index': True}, {'key': 'amount', 'value': '5loya', 'index': True}]}, {'type': 'message', 'attributes': [{'key': 'sender', 'value': 'tellor17gc67q05d5rgsz9caznm0s7s5eazwg2e3fkk8e', 'index': True}]}, {'type': 'tx', 'attributes': [{'key': 'fee', 'value': '5loya', 'index': True}, {'key': 'fee_payer', 'value': 'tellor17gc67q05d5rgsz9caznm0s7s5eazwg2e3fkk8e', 'index': True}]}, {'type': 'tx', 'attributes': [{'key': 'acc_seq', 'value': 'tellor17gc67q05d5rgsz9caznm0s7s5eazwg2e3fkk8e/93', 'index': True}]}, {'type': 'tx', 'attributes': [{'key': 'signature', 'value': 'AI13vt2S9gh0eWTqBLZlou4e+a9Nmueb+lwTdISI/ro8i1JYQlFPE55LGVOQ/XLRzOQgXlb659p2WI5yfZKZoA==', 'index': True}]}, {'type': 'message', 'attributes': [{'key': 'action', 'value': '/layer.oracle.MsgTip', 'index': True}, {'key': 'sender', 'value': 'tellor17gc67q05d5rgsz9caznm0s7s5eazwg2e3fkk8e', 'index': True}, {'key': 'module', 'value': 'oracle', 'index': True}, {'key': 'msg_index', 'value': '0', 'index': True}]}, {'type': 'coin_spent', 'attributes': [{'key': 'spender', 'value': 'tellor17gc67q05d5rgsz9caznm0s7s5eazwg2e3fkk8e', 'index': True}, {'key': 'amount', 'value': '10000loya', 'index': True}, {'key': 'msg_index', 'value': '0', 'index': True}]}, {'type': 'coin_received', 'attributes': [{'key': 'receiver', 'value': 'tellor1jgp27m8fykex4e4jtt0l7ze8q528ux2l38pvhu', 'index': True}, {'key': 'amount', 'value': '10000loya', 'index': True}, {'key': 'msg_index', 'value': '0', 'index': True}]}, {'type': 'transfer', 'attributes': [{'key': 'recipient', 'value': 'tellor1jgp27m8fykex4e4jtt0l7ze8q528ux2l38pvhu', 'index': True}, {'key': 'sender', 'value': 'tellor17gc67q05d5rgsz9caznm0s7s5eazwg2e3fkk8e', 'index': True}, {'key': 'amount', 'value': '10000loya', 'index': True}, {'key': 'msg_index', 'value': '0', 'index': True}]}, {'type': 'message', 'attributes': [{'key': 'sender', 'value': 'tellor17gc67q05d5rgsz9caznm0s7s5eazwg2e3fkk8e', 'index': True}, {'key': 'msg_index', 'value': '0', 'index': True}]}, {'type': 'coin_spent', 'attributes': [{'key': 'spender', 'value': 'tellor1jgp27m8fykex4e4jtt0l7ze8q528ux2l38pvhu', 'index': True}, {'key': 'amount', 'value': '200loya', 'index': True}, {'key': 'msg_index', 'value': '0', 'index': True}]}, {'type': 'burn', 'attributes': [{'key': 'burner', 'value': 'tellor1jgp27m8fykex4e4jtt0l7ze8q528ux2l38pvhu', 'index': True}, {'key': 'amount', 'value': '200loya', 'index': True}, {'key': 'msg_index', 'value': '0', 'index': True}]}, {'type': 'tip_added', 'attributes': [{'key': 'query_id', 'value': '0432de7bf6851ebf48cadbf3385044d815edd58208259a01aef949f0e445c9a9', 'index': True}, {'key': 'tipper', 'value': 'tellor17gc67q05d5rgsz9caznm0s7s5eazwg2e3fkk8e', 'index': True}, {'key': 'amount', 'value': '9800', 'index': True}, {'key': 'querymeta_id', 'value': '333977', 'index': True}, {'key': 'msg_index', 'value': '0', 'index': True}]}]}}"
,123,123,asdf,asdf,6,"{'tx': {'body': {'messages': [{'@type': '/layer.oracle.MsgTip', 'tipper': 'tellor17gc67q05d5rgsz9caznm0s7s5eazwg2e3fkk8e', 'query_data': 'AAAAAAAAAAAAAAAAAAAAAAAAAAAAAAAAAAAAAAAAAEAAAAAAAAAAAAAAAAAAAAAAAAAAAAAAAAAAAAAAAAAAgAAAAAAAAAAAAAAAAAAAAAAAAAAAAAAAAAAAAAAAAAANRXRoRGVudmVyVGVzdAAAAAAAAAAAAAAAAAAAAAAAAAAAAAAAAAAAAAAAAAAAAAAAAAAAAAAAAAAAAAAAAAAAYAAAAAAAAAAAAAAAAAAAAAAAAAAAAAAAAAAAAAAAAAAgAAAAAAAAAAAAAAAAAAAAAAAAAAAAAAAAAAAAAAAAABlncmlwX3N0cmVuZ3RoX2R5bmFtb21ldGVyAAAAAAAAAA==', 'amount': {'denom': 'loya', 'amount': '10000'}}], 'memo': '', 'timeout_height': '0', 'extension_options': [], 'non_critical_extension_options': []}, 'auth_info': {'signer_infos': [{'public_key': {'@type': '/cosmos.crypto.secp256k1.PubKey', 'key': 'AjQBGgp1AGejroRS2x/HxNu4EEOAME417hrds3OVka4q'}, 'mode_info': {'single': {'mode': 'SIGN_MODE_DIRECT'}}, 'sequence': '94'}], 'fee': {'amount': [{'denom': 'loya', 'amount': '5'}], 'gas_limit': '161971', 'payer': '', 'granter': ''}, 'tip': None}, 'signatures': ['9LlU5pqNfJwU9SaVQ/ONGfwFaHa1+djNDgNnOw64AU8pxeXqYlzyPHy1lUpGsFBxM23IxmUPoH3XBKVp7azDJg==']}, 'tx_response': {'height': '674220', 'txhash': 'A8281190E3E13722C190B90959C612BE4C09CBE97F189B83FB62E06BE3BE1E5A', 'codespace': '', 'code': 0, 'data': '121E0A1C2F6C617965722E6F7261636C652E4D7367546970526573706F6E7365', 'raw_log': '', 'logs': [], 'info': '', 'gas_wanted': '161971', 'gas_used': '110880', 'tx': {'@type': '/cosmos.tx.v1beta1.Tx', 'body': {'messages': [{'@type': '/layer.oracle.MsgTip', 'tipper': 'tellor17gc67q05d5rgsz9caznm0s7s5eazwg2e3fkk8e', 'query_data': 'AAAAAAAAAAAAAAAAAAAAAAAAAAAAAAAAAAAAAAAAAEAAAAAAAAAAAAAAAAAAAAAAAAAAAAAAAAAAAAAAAAAAgAAAAAAAAAAAAAAAAAAAAAAAAAAAAAAAAAAAAAAAAAANRXRoRGVudmVyVGVzdAAAAAAAAAAAAAAAAAAAAAAAAAAAAAAAAAAAAAAAAAAAAAAAAAAAAAAAAAAAAAAAAAAAYAAAAAAAAAAAAAAAAAAAAAAAAAAAAAAAAAAAAAAAAAAgAAAAAAAAAAAAAAAAAAAAAAAAAAAAAAAAAAAAAAAAABlncmlwX3N0cmVuZ3RoX2R5bmFtb21ldGVyAAAAAAAAAA==', 'amount': {'denom': 'loya', 'amount': '10000'}}], 'memo': '', 'timeout_height': '0', 'extension_options': [], 'non_critical_extension_options': []}, 'auth_info': {'signer_infos': [{'public_key': {'@type': '/cosmos.crypto.secp256k1.PubKey', 'key': 'AjQBGgp1AGejroRS2x/HxNu4EEOAME417hrds3OVka4q'}, 'mode_info': {'single': {'mode': 'SIGN_MODE_DIRECT'}}, 'sequence': '94'}], 'fee': {'amount': [{'denom': 'loya', 'amount': '5'}], 'gas_limit': '161971', 'payer': '', 'granter': ''}, 'tip': None}, 'signatures': ['9LlU5pqNfJwU9SaVQ/ONGfwFaHa1+djNDgNnOw64AU8pxeXqYlzyPHy1lUpGsFBxM23IxmUPoH3XBKVp7azDJg==']}, 'timestamp': '2025-02-21T19:52:56Z', 'events': [{'type': 'coin_spent', 'attributes': [{'key': 'spender', 'value': 'tellor17gc67q05d5rgsz9caznm0s7s5eazwg2e3fkk8e', 'index': True}, {'key': 'amount', 'value': '5loya', 'index': True}]}, {'type': 'coin_received', 'attributes': [{'key': 'receiver', 'value': 'tellor17xpfvakm2amg962yls6f84z3kell8c5ls06m3g', 'index': True}, {'key': 'amount', 'value': '5loya', 'index': True}]}, {'type': 'transfer', 'attributes': [{'key': 'recipient', 'value': 'tellor17xpfvakm2amg962yls6f84z3kell8c5ls06m3g', 'index': True}, {'key': 'sender', 'value': 'tellor17gc67q05d5rgsz9caznm0s7s5eazwg2e3fkk8e', 'index': True}, {'key': 'amount', 'value': '5loya', 'index': True}]}, {'type': 'message', 'attributes': [{'key': 'sender', 'value': 'tellor17gc67q05d5rgsz9caznm0s7s5eazwg2e3fkk8e', 'index': True}]}, {'type': 'tx', 'attributes': [{'key': 'fee', 'value': '5loya', 'index': True}, {'key': 'fee_payer', 'value': 'tellor17gc67q05d5rgsz9caznm0s7s5eazwg2e3fkk8e', 'index': True}]}, {'type': 'tx', 'attributes': [{'key': 'acc_seq', 'value': 'tellor17gc67q05d5rgsz9caznm0s7s5eazwg2e3fkk8e/94', 'index': True}]}, {'type': 'tx', 'attributes': [{'key': 'signature', 'value': '9LlU5pqNfJwU9SaVQ/ONGfwFaHa1+djNDgNnOw64AU8pxeXqYlzyPHy1lUpGsFBxM23IxmUPoH3XBKVp7azDJg==', 'index': True}]}, {'type': 'message', 'attributes': [{'key': 'action', 'value': '/layer.oracle.MsgTip', 'index': True}, {'key': 'sender', 'value': 'tellor17gc67q05d5rgsz9caznm0s7s5eazwg2e3fkk8e', 'index': True}, {'key': 'module', 'value': 'oracle', 'index': True}, {'key': 'msg_index', 'value': '0', 'index': True}]}, {'type': 'coin_spent', 'attributes': [{'key': 'spender', 'value': 'tellor17gc67q05d5rgsz9caznm0s7s5eazwg2e3fkk8e', 'index': True}, {'key': 'amount', 'value': '10000loya', 'index': True}, {'key': 'msg_index', 'value': '0', 'index': True}]}, {'type': 'coin_received', 'attributes': [{'key': 'receiver', 'value': 'tellor1jgp27m8fykex4e4jtt0l7ze8q528ux2l38pvhu', 'index': True}, {'key': 'amount', 'value': '10000loya', 'index': True}, {'key': 'msg_index', 'value': '0', 'index': True}]}, {'type': 'transfer', 'attributes': [{'key': 'recipient', 'value': 'tellor1jgp27m8fykex4e4jtt0l7ze8q528ux2l38pvhu', 'index': True}, {'key': 'sender', 'value': 'tellor17gc67q05d5rgsz9caznm0s7s5eazwg2e3fkk8e', 'index': True}, {'key': 'amount', 'value': '10000loya', 'index': True}, {'key': 'msg_index', 'value': '0', 'index': True}]}, {'type': 'message', 'attributes': [{'key': 'sender', 'value': 'tellor17gc67q05d5rgsz9caznm0s7s5eazwg2e3fkk8e', 'index': True}, {'key': 'msg_index', 'value': '0', 'index': True}]}, {'type': 'coin_spent', 'attributes': [{'key': 'spender', 'value': 'tellor1jgp27m8fykex4e4jtt0l7ze8q528ux2l38pvhu', 'index': True}, {'key': 'amount', 'value': '200loya', 'index': True}, {'key': 'msg_index', 'value': '0', 'index': True}]}, {'type': 'burn', 'attributes': [{'key': 'burner', 'value': 'tellor1jgp27m8fykex4e4jtt0l7ze8q528ux2l38pvhu', 'index': True}, {'key': 'amount', 'value': '200loya', 'index': True}, {'key': 'msg_index', 'value': '0', 'index': True}]}, {'type': 'tip_added', 'attributes': [{'key': 'query_id', 'value': '0432de7bf6851ebf48cadbf3385044d815edd58208259a01aef949f0e445c9a9', 'index': True}, {'key': 'tipper', 'value': 'tellor17gc67q05d5rgsz9caznm0s7s5eazwg2e3fkk8e', 'index': True}, {'key': 'amount', 'value': '9800', 'index': True}, {'key': 'querymeta_id', 'value': '333977', 'index': True}, {'key': 'msg_index', 'value': '0', 'index': True}]}]}}"
,123,123,asdf,asdf,6,"{'tx': {'body': {'messages': [{'@type': '/layer.oracle.MsgTip', 'tipper': 'tellor17gc67q05d5rgsz9caznm0s7s5eazwg2e3fkk8e', 'query_data': 'AAAAAAAAAAAAAAAAAAAAAAAAAAAAAAAAAAAAAAAAAEAAAAAAAAAAAAAAAAAAAAAAAAAAAAAAAAAAAAAAAAAAgAAAAAAAAAAAAAAAAAAAAAAAAAAAAAAAAAAAAAAAAAANRXRoRGVudmVyVGVzdAAAAAAAAAAAAAAAAAAAAAAAAAAAAAAAAAAAAAAAAAAAAAAAAAAAAAAAAAAAAAAAAAAAYAAAAAAAAAAAAAAAAAAAAAAAAAAAAAAAAAAAAAAAAAAgAAAAAAAAAAAAAAAAAAAAAAAAAAAAAAAAAAAAAAAAABlncmlwX3N0cmVuZ3RoX2R5bmFtb21ldGVyAAAAAAAAAA==', 'amount': {'denom': 'loya', 'amount': '10000'}}], 'memo': '', 'timeout_height': '0', 'extension_options': [], 'non_critical_extension_options': []}, 'auth_info': {'signer_infos': [{'public_key': {'@type': '/cosmos.crypto.secp256k1.PubKey', 'key': 'AjQBGgp1AGejroRS2x/HxNu4EEOAME417hrds3OVka4q'}, 'mode_info': {'single': {'mode': 'SIGN_MODE_DIRECT'}}, 'sequence': '95'}], 'fee': {'amount': [{'denom': 'loya', 'amount': '5'}], 'gas_limit': '161987', 'payer': '', 'granter': ''}, 'tip': None}, 'signatures': ['VlDiACCM8wWqLztq1X/fUOKQT+SreOpBqanqn2/MqP1sk76wSsZSuW85ELg3w4CdLOaG+IxTSuDqIuazCHMJUQ==']}, 'tx_response': {'height': '674249', 'txhash': '6523C7285BD4B334B980EE069C9CDF3A6DE10E51A5255E0916397C62B0B1F386', 'codespace': '', 'code': 0, 'data': '121E0A1C2F6C617965722E6F7261636C652E4D7367546970526573706F6E7365', 'raw_log': '', 'logs': [], 'info': '', 'gas_wanted': '161987', 'gas_used': '110925', 'tx': {'@type': '/cosmos.tx.v1beta1.Tx', 'body': {'messages': [{'@type': '/layer.oracle.MsgTip', 'tipper': 'tellor17gc67q05d5rgsz9caznm0s7s5eazwg2e3fkk8e', 'query_data': 'AAAAAAAAAAAAAAAAAAAAAAAAAAAAAAAAAAAAAAAAAEAAAAAAAAAAAAAAAAAAAAAAAAAAAAAAAAAAAAAAAAAAgAAAAAAAAAAAAAAAAAAAAAAAAAAAAAAAAAAAAAAAAAANRXRoRGVudmVyVGVzdAAAAAAAAAAAAAAAAAAAAAAAAAAAAAAAAAAAAAAAAAAAAAAAAAAAAAAAAAAAAAAAAAAAYAAAAAAAAAAAAAAAAAAAAAAAAAAAAAAAAAAAAAAAAAAgAAAAAAAAAAAAAAAAAAAAAAAAAAAAAAAAAAAAAAAAABlncmlwX3N0cmVuZ3RoX2R5bmFtb21ldGVyAAAAAAAAAA==', 'amount': {'denom': 'loya', 'amount': '10000'}}], 'memo': '', 'timeout_height': '0', 'extension_options': [], 'non_critical_extension_options': []}, 'auth_info': {'signer_infos': [{'public_key': {'@type': '/cosmos.crypto.secp256k1.PubKey', 'key': 'AjQBGgp1AGejroRS2x/HxNu4EEOAME417hrds3OVka4q'}, 'mode_info': {'single': {'mode': 'SIGN_MODE_DIRECT'}}, 'sequence': '95'}], 'fee': {'amount': [{'denom': 'loya', 'amount': '5'}], 'gas_limit': '161987', 'payer': '', 'granter': ''}, 'tip': None}, 'signatures': ['VlDiACCM8wWqLztq1X/fUOKQT+SreOpBqanqn2/MqP1sk76wSsZSuW85ELg3w4CdLOaG+IxTSuDqIuazCHMJUQ==']}, 'timestamp': '2025-02-21T19:54:22Z', 'events': [{'type': 'coin_spent', 'attributes': [{'key': 'spender', 'value': 'tellor17gc67q05d5rgsz9caznm0s7s5eazwg2e3fkk8e', 'index': True}, {'key': 'amount', 'value': '5loya', 'index': True}]}, {'type': 'coin_received', 'attributes': [{'key': 'receiver', 'value': 'tellor17xpfvakm2amg962yls6f84z3kell8c5ls06m3g', 'index': True}, {'key': 'amount', 'value': '5loya', 'index': True}]}, {'type': 'transfer', 'attributes': [{'key': 'recipient', 'value': 'tellor17xpfvakm2amg962yls6f84z3kell8c5ls06m3g', 'index': True}, {'key': 'sender', 'value': 'tellor17gc67q05d5rgsz9caznm0s7s5eazwg2e3fkk8e', 'index': True}, {'key': 'amount', 'value': '5loya', 'index': True}]}, {'type': 'message', 'attributes': [{'key': 'sender', 'value': 'tellor17gc67q05d5rgsz9caznm0s7s5eazwg2e3fkk8e', 'index': True}]}, {'type': 'tx', 'attributes': [{'key': 'fee', 'value': '5loya', 'index': True}, {'key': 'fee_payer', 'value': 'tellor17gc67q05d5rgsz9caznm0s7s5eazwg2e3fkk8e', 'index': True}]}, {'type': 'tx', 'attributes': [{'key': 'acc_seq', 'value': 'tellor17gc67q05d5rgsz9caznm0s7s5eazwg2e3fkk8e/95', 'index': True}]}, {'type': 'tx', 'attributes': [{'key': 'signature', 'value': 'VlDiACCM8wWqLztq1X/fUOKQT+SreOpBqanqn2/MqP1sk76wSsZSuW85ELg3w4CdLOaG+IxTSuDqIuazCHMJUQ==', 'index': True}]}, {'type': 'message', 'attributes': [{'key': 'action', 'value': '/layer.oracle.MsgTip', 'index': True}, {'key': 'sender', 'value': 'tellor17gc67q05d5rgsz9caznm0s7s5eazwg2e3fkk8e', 'index': True}, {'key': 'module', 'value': 'oracle', 'index': True}, {'key': 'msg_index', 'value': '0', 'index': True}]}, {'type': 'coin_spent', 'attributes': [{'key': 'spender', 'value': 'tellor17gc67q05d5rgsz9caznm0s7s5eazwg2e3fkk8e', 'index': True}, {'key': 'amount', 'value': '10000loya', 'index': True}, {'key': 'msg_index', 'value': '0', 'index': True}]}, {'type': 'coin_received', 'attributes': [{'key': 'receiver', 'value': 'tellor1jgp27m8fykex4e4jtt0l7ze8q528ux2l38pvhu', 'index': True}, {'key': 'amount', 'value': '10000loya', 'index': True}, {'key': 'msg_index', 'value': '0', 'index': True}]}, {'type': 'transfer', 'attributes': [{'key': 'recipient', 'value': 'tellor1jgp27m8fykex4e4jtt0l7ze8q528ux2l38pvhu', 'index': True}, {'key': 'sender', 'value': 'tellor17gc67q05d5rgsz9caznm0s7s5eazwg2e3fkk8e', 'index': True}, {'key': 'amount', 'value': '10000loya', 'index': True}, {'key': 'msg_index', 'value': '0', 'index': True}]}, {'type': 'message', 'attributes': [{'key': 'sender', 'value': 'tellor17gc67q05d5rgsz9caznm0s7s5eazwg2e3fkk8e', 'index': True}, {'key': 'msg_index', 'value': '0', 'index': True}]}, {'type': 'coin_spent', 'attributes': [{'key': 'spender', 'value': 'tellor1jgp27m8fykex4e4jtt0l7ze8q528ux2l38pvhu', 'index': True}, {'key': 'amount', 'value': '200loya', 'index': True}, {'key': 'msg_index', 'value': '0', 'index': True}]}, {'type': 'burn', 'attributes': [{'key': 'burner', 'value': 'tellor1jgp27m8fykex4e4jtt0l7ze8q528ux2l38pvhu', 'index': True}, {'key': 'amount', 'value': '200loya', 'index': True}, {'key': 'msg_index', 'value': '0', 'index': True}]}, {'type': 'tip_added', 'attributes': [{'key': 'query_id', 'value': '0432de7bf6851ebf48cadbf3385044d815edd58208259a01aef949f0e445c9a9', 'index': True}, {'key': 'tipper', 'value': 'tellor17gc67q05d5rgsz9caznm0s7s5eazwg2e3fkk8e', 'index': True}, {'key': 'amount', 'value': '9800', 'index': True}, {'key': 'querymeta_id', 'value': '333977', 'index': True}, {'key': 'msg_index', 'value': '0', 'index': True}]}]}}"
True,34,34,sdf,sdf,5,"{'tx': {'body': {'messages': [{'@type': '/layer.oracle.MsgTip', 'tipper': 'tellor17gc67q05d5rgsz9caznm0s7s5eazwg2e3fkk8e', 'query_data': 'AAAAAAAAAAAAAAAAAAAAAAAAAAAAAAAAAAAAAAAAAEAAAAAAAAAAAAAAAAAAAAAAAAAAAAAAAAAAAAAAAAAAgAAAAAAAAAAAAAAAAAAAAAAAAAAAAAAAAAAAAAAAAAANRXRoRGVudmVyVGVzdAAAAAAAAAAAAAAAAAAAAAAAAAAAAAAAAAAAAAAAAAAAAAAAAAAAAAAAAAAAAAAAAAAAYAAAAAAAAAAAAAAAAAAAAAAAAAAAAAAAAAAAAAAAAAAgAAAAAAAAAAAAAAAAAAAAAAAAAAAAAAAAAAAAAAAAABlncmlwX3N0cmVuZ3RoX2R5bmFtb21ldGVyAAAAAAAAAA==', 'amount': {'denom': 'loya', 'amount': '10000'}}], 'memo': '', 'timeout_height': '0', 'extension_options': [], 'non_critical_extension_options': []}, 'auth_info': {'signer_infos': [{'public_key': {'@type': '/cosmos.crypto.secp256k1.PubKey', 'key': 'AjQBGgp1AGejroRS2x/HxNu4EEOAME417hrds3OVka4q'}, 'mode_info': {'single': {'mode': 'SIGN_MODE_DIRECT'}}, 'sequence': '97'}], 'fee': {'amount': [{'denom': 'loya', 'amount': '5'}], 'gas_limit': '161987', 'payer': '', 'granter': ''}, 'tip': None}, 'signatures': ['a3t/ssnmqX9wPwsVvOfj/kJPWEI2aNy+W/G1Nkrm/NwK9AOyzD/NanopygsJ5hbma7r+DynWhdbrWIbbq997Aw==']}, 'tx_response': {'height': '681650', 'txhash': 'C7972D4384FDC0632F6A0B378A8918D6D14FDB1ED1EC9981F623956B2A8617EF', 'codespace': '', 'code': 0, 'data': '121E0A1C2F6C617965722E6F7261636C652E4D7367546970526573706F6E7365', 'raw_log': '', 'logs': [], 'info': '', 'gas_wanted': '161987', 'gas_used': '110889', 'tx': {'@type': '/cosmos.tx.v1beta1.Tx', 'body': {'messages': [{'@type': '/layer.oracle.MsgTip', 'tipper': 'tellor17gc67q05d5rgsz9caznm0s7s5eazwg2e3fkk8e', 'query_data': 'AAAAAAAAAAAAAAAAAAAAAAAAAAAAAAAAAAAAAAAAAEAAAAAAAAAAAAAAAAAAAAAAAAAAAAAAAAAAAAAAAAAAgAAAAAAAAAAAAAAAAAAAAAAAAAAAAAAAAAAAAAAAAAANRXRoRGVudmVyVGVzdAAAAAAAAAAAAAAAAAAAAAAAAAAAAAAAAAAAAAAAAAAAAAAAAAAAAAAAAAAAAAAAAAAAYAAAAAAAAAAAAAAAAAAAAAAAAAAAAAAAAAAAAAAAAAAgAAAAAAAAAAAAAAAAAAAAAAAAAAAAAAAAAAAAAAAAABlncmlwX3N0cmVuZ3RoX2R5bmFtb21ldGVyAAAAAAAAAA==', 'amount': {'denom': 'loya', 'amount': '10000'}}], 'memo': '', 'timeout_height': '0', 'extension_options': [], 'non_critical_extension_options': []}, 'auth_info': {'signer_infos': [{'public_key': {'@type': '/cosmos.crypto.secp256k1.PubKey', 'key': 'AjQBGgp1AGejroRS2x/HxNu4EEOAME417hrds3OVka4q'}, 'mode_info': {'single': {'mode': 'SIGN_MODE_DIRECT'}}, 'sequence': '97'}], 'fee': {'amount': [{'denom': 'loya', 'amount': '5'}], 'gas_limit': '161987', 'payer': '', 'granter': ''}, 'tip': None}, 'signatures': ['a3t/ssnmqX9wPwsVvOfj/kJPWEI2aNy+W/G1Nkrm/NwK9AOyzD/NanopygsJ5hbma7r+DynWhdbrWIbbq997Aw==']}, 'timestamp': '2025-02-22T02:06:41Z', 'events': [{'type': 'coin_spent', 'attributes': [{'key': 'spender', 'value': 'tellor17gc67q05d5rgsz9caznm0s7s5eazwg2e3fkk8e', 'index': True}, {'key': 'amount', 'value': '5loya', 'index': True}]}, {'type': 'coin_received', 'attributes': [{'key': 'receiver', 'value': 'tellor17xpfvakm2amg962yls6f84z3kell8c5ls06m3g', 'index': True}, {'key': 'amount', 'value': '5loya', 'index': True}]}, {'type': 'transfer', 'attributes': [{'key': 'recipient', 'value': 'tellor17xpfvakm2amg962yls6f84z3kell8c5ls06m3g', 'index': True}, {'key': 'sender', 'value': 'tellor17gc67q05d5rgsz9caznm0s7s5eazwg2e3fkk8e', 'index': True}, {'key': 'amount', 'value': '5loya', 'index': True}]}, {'type': 'message', 'attributes': [{'key': 'sender', 'value': 'tellor17gc67q05d5rgsz9caznm0s7s5eazwg2e3fkk8e', 'index': True}]}, {'type': 'tx', 'attributes': [{'key': 'fee', 'value': '5loya', 'index': True}, {'key': 'fee_payer', 'value': 'tellor17gc67q05d5rgsz9caznm0s7s5eazwg2e3fkk8e', 'index': True}]}, {'type': 'tx', 'attributes': [{'key': 'acc_seq', 'value': 'tellor17gc67q05d5rgsz9caznm0s7s5eazwg2e3fkk8e/97', 'index': True}]}, {'type': 'tx', 'attributes': [{'key': 'signature', 'value': 'a3t/ssnmqX9wPwsVvOfj/kJPWEI2aNy+W/G1Nkrm/NwK9AOyzD/NanopygsJ5hbma7r+DynWhdbrWIbbq997Aw==', 'index': True}]}, {'type': 'message', 'attributes': [{'key': 'action', 'value': '/layer.oracle.MsgTip', 'index': True}, {'key': 'sender', 'value': 'tellor17gc67q05d5rgsz9caznm0s7s5eazwg2e3fkk8e', 'index': True}, {'key': 'module', 'value': 'oracle', 'index': True}, {'key': 'msg_index', 'value': '0', 'index': True}]}, {'type': 'coin_spent', 'attributes': [{'key': 'spender', 'value': 'tellor17gc67q05d5rgsz9caznm0s7s5eazwg2e3fkk8e', 'index': True}, {'key': 'amount', 'value': '10000loya', 'index': True}, {'key': 'msg_index', 'value': '0', 'index': True}]}, {'type': 'coin_received', 'attributes': [{'key': 'receiver', 'value': 'tellor1jgp27m8fykex4e4jtt0l7ze8q528ux2l38pvhu', 'index': True}, {'key': 'amount', 'value': '10000loya', 'index': True}, {'key': 'msg_index', 'value': '0', 'index': True}]}, {'type': 'transfer', 'attributes': [{'key': 'recipient', 'value': 'tellor1jgp27m8fykex4e4jtt0l7ze8q528ux2l38pvhu', 'index': True}, {'key': 'sender', 'value': 'tellor17gc67q05d5rgsz9caznm0s7s5eazwg2e3fkk8e', 'index': True}, {'key': 'amount', 'value': '10000loya', 'index': True}, {'key': 'msg_index', 'value': '0', 'index': True}]}, {'type': 'message', 'attributes': [{'key': 'sender', 'value': 'tellor17gc67q05d5rgsz9caznm0s7s5eazwg2e3fkk8e', 'index': True}, {'key': 'msg_index', 'value': '0', 'index': True}]}, {'type': 'coin_spent', 'attributes': [{'key': 'spender', 'value': 'tellor1jgp27m8fykex4e4jtt0l7ze8q528ux2l38pvhu', 'index': True}, {'key': 'amount', 'value': '200loya', 'index': True}, {'key': 'msg_index', 'value': '0', 'index': True}]}, {'type': 'burn', 'attributes': [{'key': 'burner', 'value': 'tellor1jgp27m8fykex4e4jtt0l7ze8q528ux2l38pvhu', 'index': True}, {'key': 'amount', 'value': '200loya', 'index': True}, {'key': 'msg_index', 'value': '0', 'index': True}]}, {'type': 'tip_added', 'attributes': [{'key': 'query_id', 'value': '0432de7bf6851ebf48cadbf3385044d815edd58208259a01aef949f0e445c9a9', 'index': True}, {'key': 'tipper', 'value': 'tellor17gc67q05d5rgsz9caznm0s7s5eazwg2e3fkk8e', 'index': True}, {'key': 'amount', 'value': '9800', 'index': True}, {'key': 'querymeta_id', 'value': '333977', 'index': True}, {'key': 'msg_index', 'value': '0', 'index': True}]}]}}"
True,12,12,asdf,asdf,4,"{'tx': {'body': {'messages': [{'@type': '/layer.oracle.MsgTip', 'tipper': 'tellor17gc67q05d5rgsz9caznm0s7s5eazwg2e3fkk8e', 'query_data': 'AAAAAAAAAAAAAAAAAAAAAAAAAAAAAAAAAAAAAAAAAEAAAAAAAAAAAAAAAAAAAAAAAAAAAAAAAAAAAAAAAAAAgAAAAAAAAAAAAAAAAAAAAAAAAAAAAAAAAAAAAAAAAAANRXRoRGVudmVyVGVzdAAAAAAAAAAAAAAAAAAAAAAAAAAAAAAAAAAAAAAAAAAAAAAAAAAAAAAAAAAAAAAAAAAAYAAAAAAAAAAAAAAAAAAAAAAAAAAAAAAAAAAAAAAAAAAgAAAAAAAAAAAAAAAAAAAAAAAAAAAAAAAAAAAAAAAAABlncmlwX3N0cmVuZ3RoX2R5bmFtb21ldGVyAAAAAAAAAA==', 'amount': {'denom': 'loya', 'amount': '10000'}}], 'memo': '', 'timeout_height': '0', 'extension_options': [], 'non_critical_extension_options': []}, 'auth_info': {'signer_infos': [{'public_key': {'@type': '/cosmos.crypto.secp256k1.PubKey', 'key': 'AjQBGgp1AGejroRS2x/HxNu4EEOAME417hrds3OVka4q'}, 'mode_info': {'single': {'mode': 'SIGN_MODE_DIRECT'}}, 'sequence': '98'}], 'fee': {'amount': [{'denom': 'loya', 'amount': '5'}], 'gas_limit': '161987', 'payer': '', 'granter': ''}, 'tip': None}, 'signatures': ['sguxIgdVEGaiM9MN8nM/9w9G/9oZZyyzye5RxJSlB6UDAmkek3W/h2IHm/vmPdm+bt6S3SzO1k0Mo4LMjhG9ag==']}, 'tx_response': {'height': '681802', 'txhash': '759D34D412288C90252C2A7F2EEEDF27ED1D797644A9026862A124C16A962130', 'codespace': '', 'code': 0, 'data': '121E0A1C2F6C617965722E6F7261636C652E4D7367546970526573706F6E7365', 'raw_log': '', 'logs': [], 'info': '', 'gas_wanted': '161987', 'gas_used': '110958', 'tx': {'@type': '/cosmos.tx.v1beta1.Tx', 'body': {'messages': [{'@type': '/layer.oracle.MsgTip', 'tipper': 'tellor17gc67q05d5rgsz9caznm0s7s5eazwg2e3fkk8e', 'query_data': 'AAAAAAAAAAAAAAAAAAAAAAAAAAAAAAAAAAAAAAAAAEAAAAAAAAAAAAAAAAAAAAAAAAAAAAAAAAAAAAAAAAAAgAAAAAAAAAAAAAAAAAAAAAAAAAAAAAAAAAAAAAAAAAANRXRoRGVudmVyVGVzdAAAAAAAAAAAAAAAAAAAAAAAAAAAAAAAAAAAAAAAAAAAAAAAAAAAAAAAAAAAAAAAAAAAYAAAAAAAAAAAAAAAAAAAAAAAAAAAAAAAAAAAAAAAAAAgAAAAAAAAAAAAAAAAAAAAAAAAAAAAAAAAAAAAAAAAABlncmlwX3N0cmVuZ3RoX2R5bmFtb21ldGVyAAAAAAAAAA==', 'amount': {'denom': 'loya', 'amount': '10000'}}], 'memo': '', 'timeout_height': '0', 'extension_options': [], 'non_critical_extension_options': []}, 'auth_info': {'signer_infos': [{'public_key': {'@type': '/cosmos.crypto.secp256k1.PubKey', 'key': 'AjQBGgp1AGejroRS2x/HxNu4EEOAME417hrds3OVka4q'}, 'mode_info': {'single': {'mode': 'SIGN_MODE_DIRECT'}}, 'sequence': '98'}], 'fee': {'amount': [{'denom': 'loya', 'amount': '5'}], 'gas_limit': '161987', 'payer': '', 'granter': ''}, 'tip': None}, 'signatures': ['sguxIgdVEGaiM9MN8nM/9w9G/9oZZyyzye5RxJSlB6UDAmkek3W/h2IHm/vmPdm+bt6S3SzO1k0Mo4LMjhG9ag==']}, 'timestamp': '2025-02-22T02:14:09Z', 'events': [{'type': 'coin_spent', 'attributes': [{'key': 'spender', 'value': 'tellor17gc67q05d5rgsz9caznm0s7s5eazwg2e3fkk8e', 'index': True}, {'key': 'amount', 'value': '5loya', 'index': True}]}, {'type': 'coin_received', 'attributes': [{'key': 'receiver', 'value': 'tellor17xpfvakm2amg962yls6f84z3kell8c5ls06m3g', 'index': True}, {'key': 'amount', 'value': '5loya', 'index': True}]}, {'type': 'transfer', 'attributes': [{'key': 'recipient', 'value': 'tellor17xpfvakm2amg962yls6f84z3kell8c5ls06m3g', 'index': True}, {'key': 'sender', 'value': 'tellor17gc67q05d5rgsz9caznm0s7s5eazwg2e3fkk8e', 'index': True}, {'key': 'amount', 'value': '5loya', 'index': True}]}, {'type': 'message', 'attributes': [{'key': 'sender', 'value': 'tellor17gc67q05d5rgsz9caznm0s7s5eazwg2e3fkk8e', 'index': True}]}, {'type': 'tx', 'attributes': [{'key': 'fee', 'value': '5loya', 'index': True}, {'key': 'fee_payer', 'value': 'tellor17gc67q05d5rgsz9caznm0s7s5eazwg2e3fkk8e', 'index': True}]}, {'type': 'tx', 'attributes': [{'key': 'acc_seq', 'value': 'tellor17gc67q05d5rgsz9caznm0s7s5eazwg2e3fkk8e/98', 'index': True}]}, {'type': 'tx', 'attributes': [{'key': 'signature', 'value': 'sguxIgdVEGaiM9MN8nM/9w9G/9oZZyyzye5RxJSlB6UDAmkek3W/h2IHm/vmPdm+bt6S3SzO1k0Mo4LMjhG9ag==', 'index': True}]}, {'type': 'message', 'attributes': [{'key': 'action', 'value': '/layer.oracle.MsgTip', 'index': True}, {'key': 'sender', 'value': 'tellor17gc67q05d5rgsz9caznm0s7s5eazwg2e3fkk8e', 'index': True}, {'key': 'module', 'value': 'oracle', 'index': True}, {'key': 'msg_index', 'value': '0', 'index': True}]}, {'type': 'coin_spent', 'attributes': [{'key': 'spender', 'value': 'tellor17gc67q05d5rgsz9caznm0s7s5eazwg2e3fkk8e', 'index': True}, {'key': 'amount', 'value': '10000loya', 'index': True}, {'key': 'msg_index', 'value': '0', 'index': True}]}, {'type': 'coin_received', 'attributes': [{'key': 'receiver', 'value': 'tellor1jgp27m8fykex4e4jtt0l7ze8q528ux2l38pvhu', 'index': True}, {'key': 'amount', 'value': '10000loya', 'index': True}, {'key': 'msg_index', 'value': '0', 'index': True}]}, {'type': 'transfer', 'attributes': [{'key': 'recipient', 'value': 'tellor1jgp27m8fykex4e4jtt0l7ze8q528ux2l38pvhu', 'index': True}, {'key': 'sender', 'value': 'tellor17gc67q05d5rgsz9caznm0s7s5eazwg2e3fkk8e', 'index': True}, {'key': 'amount', 'value': '10000loya', 'index': True}, {'key': 'msg_index', 'value': '0', 'index': True}]}, {'type': 'message', 'attributes': [{'key': 'sender', 'value': 'tellor17gc67q05d5rgsz9caznm0s7s5eazwg2e3fkk8e', 'index': True}, {'key': 'msg_index', 'value': '0', 'index': True}]}, {'type': 'coin_spent', 'attributes': [{'key': 'spender', 'value': 'tellor1jgp27m8fykex4e4jtt0l7ze8q528ux2l38pvhu', 'index': True}, {'key': 'amount', 'value': '200loya', 'index': True}, {'key': 'msg_index', 'value': '0', 'index': True}]}, {'type': 'burn', 'attributes': [{'key': 'burner', 'value': 'tellor1jgp27m8fykex4e4jtt0l7ze8q528ux2l38pvhu', 'index': True}, {'key': 'amount', 'value': '200loya', 'index': True}, {'key': 'msg_index', 'value': '0', 'index': True}]}, {'type': 'tip_added', 'attributes': [{'key': 'query_id', 'value': '0432de7bf6851ebf48cadbf3385044d815edd58208259a01aef949f0e445c9a9', 'index': True}, {'key': 'tipper', 'value': 'tellor17gc67q05d5rgsz9caznm0s7s5eazwg2e3fkk8e', 'index': True}, {'key': 'amount', 'value': '9800', 'index': True}, {'key': 'querymeta_id', 'value': '333977', 'index': True}, {'key': 'msg_index', 'value': '0', 'index': True}]}]}}"
True,12,12,sd,sd,5,"{'tx': {'body': {'messages': [{'@type': '/layer.oracle.MsgTip', 'tipper': 'tellor17gc67q05d5rgsz9caznm0s7s5eazwg2e3fkk8e', 'query_data': 'AAAAAAAAAAAAAAAAAAAAAAAAAAAAAAAAAAAAAAAAAEAAAAAAAAAAAAAAAAAAAAAAAAAAAAAAAAAAAAAAAAAAgAAAAAAAAAAAAAAAAAAAAAAAAAAAAAAAAAAAAAAAAAANRXRoRGVudmVyVGVzdAAAAAAAAAAAAAAAAAAAAAAAAAAAAAAAAAAAAAAAAAAAAAAAAAAAAAAAAAAAAAAAAAAAYAAAAAAAAAAAAAAAAAAAAAAAAAAAAAAAAAAAAAAAAAAgAAAAAAAAAAAAAAAAAAAAAAAAAAAAAAAAAAAAAAAAABlncmlwX3N0cmVuZ3RoX2R5bmFtb21ldGVyAAAAAAAAAA==', 'amount': {'denom': 'loya', 'amount': '10000'}}], 'memo': '', 'timeout_height': '0', 'extension_options': [], 'non_critical_extension_options': []}, 'auth_info': {'signer_infos': [{'public_key': {'@type': '/cosmos.crypto.secp256k1.PubKey', 'key': 'AjQBGgp1AGejroRS2x/HxNu4EEOAME417hrds3OVka4q'}, 'mode_info': {'single': {'mode': 'SIGN_MODE_DIRECT'}}, 'sequence': '99'}], 'fee': {'amount': [{'denom': 'loya', 'amount': '5'}], 'gas_limit': '161987', 'payer': '', 'granter': ''}, 'tip': None}, 'signatures': ['+OD0thRipEAmr/DJSJ3aCjNcAZDYchHygsNCazwSGdAuXJfkkhcujC6lOfyaz+cIFSTmc6mqo/cLgdt4Yj7vjw==']}, 'tx_response': {'height': '681829', 'txhash': '8D254BE332F379667BBBB8189721E58B295F55D9E7C58EF658AB88751F5C1B62', 'codespace': '', 'code': 0, 'data': '121E0A1C2F6C617965722E6F7261636C652E4D7367546970526573706F6E7365', 'raw_log': '', 'logs': [], 'info': '', 'gas_wanted': '161987', 'gas_used': '110925', 'tx': {'@type': '/cosmos.tx.v1beta1.Tx', 'body': {'messages': [{'@type': '/layer.oracle.MsgTip', 'tipper': 'tellor17gc67q05d5rgsz9caznm0s7s5eazwg2e3fkk8e', 'query_data': 'AAAAAAAAAAAAAAAAAAAAAAAAAAAAAAAAAAAAAAAAAEAAAAAAAAAAAAAAAAAAAAAAAAAAAAAAAAAAAAAAAAAAgAAAAAAAAAAAAAAAAAAAAAAAAAAAAAAAAAAAAAAAAAANRXRoRGVudmVyVGVzdAAAAAAAAAAAAAAAAAAAAAAAAAAAAAAAAAAAAAAAAAAAAAAAAAAAAAAAAAAAAAAAAAAAYAAAAAAAAAAAAAAAAAAAAAAAAAAAAAAAAAAAAAAAAAAgAAAAAAAAAAAAAAAAAAAAAAAAAAAAAAAAAAAAAAAAABlncmlwX3N0cmVuZ3RoX2R5bmFtb21ldGVyAAAAAAAAAA==', 'amount': {'denom': 'loya', 'amount': '10000'}}], 'memo': '', 'timeout_height': '0', 'extension_options': [], 'non_critical_extension_options': []}, 'auth_info': {'signer_infos': [{'public_key': {'@type': '/cosmos.crypto.secp256k1.PubKey', 'key': 'AjQBGgp1AGejroRS2x/HxNu4EEOAME417hrds3OVka4q'}, 'mode_info': {'single': {'mode': 'SIGN_MODE_DIRECT'}}, 'sequence': '99'}], 'fee': {'amount': [{'denom': 'loya', 'amount': '5'}], 'gas_limit': '161987', 'payer': '', 'granter': ''}, 'tip': None}, 'signatures': ['+OD0thRipEAmr/DJSJ3aCjNcAZDYchHygsNCazwSGdAuXJfkkhcujC6lOfyaz+cIFSTmc6mqo/cLgdt4Yj7vjw==']}, 'timestamp': '2025-02-22T02:15:39Z', 'events': [{'type': 'coin_spent', 'attributes': [{'key': 'spender', 'value': 'tellor17gc67q05d5rgsz9caznm0s7s5eazwg2e3fkk8e', 'index': True}, {'key': 'amount', 'value': '5loya', 'index': True}]}, {'type': 'coin_received', 'attributes': [{'key': 'receiver', 'value': 'tellor17xpfvakm2amg962yls6f84z3kell8c5ls06m3g', 'index': True}, {'key': 'amount', 'value': '5loya', 'index': True}]}, {'type': 'transfer', 'attributes': [{'key': 'recipient', 'value': 'tellor17xpfvakm2amg962yls6f84z3kell8c5ls06m3g', 'index': True}, {'key': 'sender', 'value': 'tellor17gc67q05d5rgsz9caznm0s7s5eazwg2e3fkk8e', 'index': True}, {'key': 'amount', 'value': '5loya', 'index': True}]}, {'type': 'message', 'attributes': [{'key': 'sender', 'value': 'tellor17gc67q05d5rgsz9caznm0s7s5eazwg2e3fkk8e', 'index': True}]}, {'type': 'tx', 'attributes': [{'key': 'fee', 'value': '5loya', 'index': True}, {'key': 'fee_payer', 'value': 'tellor17gc67q05d5rgsz9caznm0s7s5eazwg2e3fkk8e', 'index': True}]}, {'type': 'tx', 'attributes': [{'key': 'acc_seq', 'value': 'tellor17gc67q05d5rgsz9caznm0s7s5eazwg2e3fkk8e/99', 'index': True}]}, {'type': 'tx', 'attributes': [{'key': 'signature', 'value': '+OD0thRipEAmr/DJSJ3aCjNcAZDYchHygsNCazwSGdAuXJfkkhcujC6lOfyaz+cIFSTmc6mqo/cLgdt4Yj7vjw==', 'index': True}]}, {'type': 'message', 'attributes': [{'key': 'action', 'value': '/layer.oracle.MsgTip', 'index': True}, {'key': 'sender', 'value': 'tellor17gc67q05d5rgsz9caznm0s7s5eazwg2e3fkk8e', 'index': True}, {'key': 'module', 'value': 'oracle', 'index': True}, {'key': 'msg_index', 'value': '0', 'index': True}]}, {'type': 'coin_spent', 'attributes': [{'key': 'spender', 'value': 'tellor17gc67q05d5rgsz9caznm0s7s5eazwg2e3fkk8e', 'index': True}, {'key': 'amount', 'value': '10000loya', 'index': True}, {'key': 'msg_index', 'value': '0', 'index': True}]}, {'type': 'coin_received', 'attributes': [{'key': 'receiver', 'value': 'tellor1jgp27m8fykex4e4jtt0l7ze8q528ux2l38pvhu', 'index': True}, {'key': 'amount', 'value': '10000loya', 'index': True}, {'key': 'msg_index', 'value': '0', 'index': True}]}, {'type': 'transfer', 'attributes': [{'key': 'recipient', 'value': 'tellor1jgp27m8fykex4e4jtt0l7ze8q528ux2l38pvhu', 'index': True}, {'key': 'sender', 'value': 'tellor17gc67q05d5rgsz9caznm0s7s5eazwg2e3fkk8e', 'index': True}, {'key': 'amount', 'value': '10000loya', 'index': True}, {'key': 'msg_index', 'value': '0', 'index': True}]}, {'type': 'message', 'attributes': [{'key': 'sender', 'value': 'tellor17gc67q05d5rgsz9caznm0s7s5eazwg2e3fkk8e', 'index': True}, {'key': 'msg_index', 'value': '0', 'index': True}]}, {'type': 'coin_spent', 'attributes': [{'key': 'spender', 'value': 'tellor1jgp27m8fykex4e4jtt0l7ze8q528ux2l38pvhu', 'index': True}, {'key': 'amount', 'value': '200loya', 'index': True}, {'key': 'msg_index', 'value': '0', 'index': True}]}, {'type': 'burn', 'attributes': [{'key': 'burner', 'value': 'tellor1jgp27m8fykex4e4jtt0l7ze8q528ux2l38pvhu', 'index': True}, {'key': 'amount', 'value': '200loya', 'index': True}, {'key': 'msg_index', 'value': '0', 'index': True}]}, {'type': 'tip_added', 'attributes': [{'key': 'query_id', 'value': '0432de7bf6851ebf48cadbf3385044d815edd58208259a01aef949f0e445c9a9', 'index': True}, {'key': 'tipper', 'value': 'tellor17gc67q05d5rgsz9caznm0s7s5eazwg2e3fkk8e', 'index': True}, {'key': 'amount', 'value': '9800', 'index': True}, {'key': 'querymeta_id', 'value': '333977', 'index': True}, {'key': 'msg_index', 'value': '0', 'index': True}]}]}}"
True,12,23,asdf,asdf,6,"{'tx': {'body': {'messages': [{'@type': '/layer.oracle.MsgTip', 'tipper': 'tellor17gc67q05d5rgsz9caznm0s7s5eazwg2e3fkk8e', 'query_data': 'AAAAAAAAAAAAAAAAAAAAAAAAAAAAAAAAAAAAAAAAAEAAAAAAAAAAAAAAAAAAAAAAAAAAAAAAAAAAAAAAAAAAgAAAAAAAAAAAAAAAAAAAAAAAAAAAAAAAAAAAAAAAAAANRXRoRGVudmVyVGVzdAAAAAAAAAAAAAAAAAAAAAAAAAAAAAAAAAAAAAAAAAAAAAAAAAAAAAAAAAAAAAAAAAAAYAAAAAAAAAAAAAAAAAAAAAAAAAAAAAAAAAAAAAAAAAAgAAAAAAAAAAAAAAAAAAAAAAAAAAAAAAAAAAAAAAAAABlncmlwX3N0cmVuZ3RoX2R5bmFtb21ldGVyAAAAAAAAAA==', 'amount': {'denom': 'loya', 'amount': '10000'}}], 'memo': '', 'timeout_height': '0', 'extension_options': [], 'non_critical_extension_options': []}, 'auth_info': {'signer_infos': [{'public_key': {'@type': '/cosmos.crypto.secp256k1.PubKey', 'key': 'AjQBGgp1AGejroRS2x/HxNu4EEOAME417hrds3OVka4q'}, 'mode_info': {'single': {'mode': 'SIGN_MODE_DIRECT'}}, 'sequence': '100'}], 'fee': {'amount': [{'denom': 'loya', 'amount': '5'}], 'gas_limit': '161987', 'payer': '', 'granter': ''}, 'tip': None}, 'signatures': ['R9slfOutgO8KdXjYMg7UdsdOXsfjKroqjFWJp1y6F/8WE0hyDBYgfZV3kNPuYAptcm72dFBN3A7njb29rS9d6Q==']}, 'tx_response': {'height': '681850', 'txhash': '354F2A8F9D334BE0F6F92821F83D7F08EC2C0617FF79AA4D6B16B97CDA96B58A', 'codespace': '', 'code': 0, 'data': '121E0A1C2F6C617965722E6F7261636C652E4D7367546970526573706F6E7365', 'raw_log': '', 'logs': [], 'info': '', 'gas_wanted': '161987', 'gas_used': '110889', 'tx': {'@type': '/cosmos.tx.v1beta1.Tx', 'body': {'messages': [{'@type': '/layer.oracle.MsgTip', 'tipper': 'tellor17gc67q05d5rgsz9caznm0s7s5eazwg2e3fkk8e', 'query_data': 'AAAAAAAAAAAAAAAAAAAAAAAAAAAAAAAAAAAAAAAAAEAAAAAAAAAAAAAAAAAAAAAAAAAAAAAAAAAAAAAAAAAAgAAAAAAAAAAAAAAAAAAAAAAAAAAAAAAAAAAAAAAAAAANRXRoRGVudmVyVGVzdAAAAAAAAAAAAAAAAAAAAAAAAAAAAAAAAAAAAAAAAAAAAAAAAAAAAAAAAAAAAAAAAAAAYAAAAAAAAAAAAAAAAAAAAAAAAAAAAAAAAAAAAAAAAAAgAAAAAAAAAAAAAAAAAAAAAAAAAAAAAAAAAAAAAAAAABlncmlwX3N0cmVuZ3RoX2R5bmFtb21ldGVyAAAAAAAAAA==', 'amount': {'denom': 'loya', 'amount': '10000'}}], 'memo': '', 'timeout_height': '0', 'extension_options': [], 'non_critical_extension_options': []}, 'auth_info': {'signer_infos': [{'public_key': {'@type': '/cosmos.crypto.secp256k1.PubKey', 'key': 'AjQBGgp1AGejroRS2x/HxNu4EEOAME417hrds3OVka4q'}, 'mode_info': {'single': {'mode': 'SIGN_MODE_DIRECT'}}, 'sequence': '100'}], 'fee': {'amount': [{'denom': 'loya', 'amount': '5'}], 'gas_limit': '161987', 'payer': '', 'granter': ''}, 'tip': None}, 'signatures': ['R9slfOutgO8KdXjYMg7UdsdOXsfjKroqjFWJp1y6F/8WE0hyDBYgfZV3kNPuYAptcm72dFBN3A7njb29rS9d6Q==']}, 'timestamp': '2025-02-22T02:16:39Z', 'events': [{'type': 'coin_spent', 'attributes': [{'key': 'spender', 'value': 'tellor17gc67q05d5rgsz9caznm0s7s5eazwg2e3fkk8e', 'index': True}, {'key': 'amount', 'value': '5loya', 'index': True}]}, {'type': 'coin_received', 'attributes': [{'key': 'receiver', 'value': 'tellor17xpfvakm2amg962yls6f84z3kell8c5ls06m3g', 'index': True}, {'key': 'amount', 'value': '5loya', 'index': True}]}, {'type': 'transfer', 'attributes': [{'key': 'recipient', 'value': 'tellor17xpfvakm2amg962yls6f84z3kell8c5ls06m3g', 'index': True}, {'key': 'sender', 'value': 'tellor17gc67q05d5rgsz9caznm0s7s5eazwg2e3fkk8e', 'index': True}, {'key': 'amount', 'value': '5loya', 'index': True}]}, {'type': 'message', 'attributes': [{'key': 'sender', 'value': 'tellor17gc67q05d5rgsz9caznm0s7s5eazwg2e3fkk8e', 'index': True}]}, {'type': 'tx', 'attributes': [{'key': 'fee', 'value': '5loya', 'index': True}, {'key': 'fee_payer', 'value': 'tellor17gc67q05d5rgsz9caznm0s7s5eazwg2e3fkk8e', 'index': True}]}, {'type': 'tx', 'attributes': [{'key': 'acc_seq', 'value': 'tellor17gc67q05d5rgsz9caznm0s7s5eazwg2e3fkk8e/100', 'index': True}]}, {'type': 'tx', 'attributes': [{'key': 'signature', 'value': 'R9slfOutgO8KdXjYMg7UdsdOXsfjKroqjFWJp1y6F/8WE0hyDBYgfZV3kNPuYAptcm72dFBN3A7njb29rS9d6Q==', 'index': True}]}, {'type': 'message', 'attributes': [{'key': 'action', 'value': '/layer.oracle.MsgTip', 'index': True}, {'key': 'sender', 'value': 'tellor17gc67q05d5rgsz9caznm0s7s5eazwg2e3fkk8e', 'index': True}, {'key': 'module', 'value': 'oracle', 'index': True}, {'key': 'msg_index', 'value': '0', 'index': True}]}, {'type': 'coin_spent', 'attributes': [{'key': 'spender', 'value': 'tellor17gc67q05d5rgsz9caznm0s7s5eazwg2e3fkk8e', 'index': True}, {'key': 'amount', 'value': '10000loya', 'index': True}, {'key': 'msg_index', 'value': '0', 'index': True}]}, {'type': 'coin_received', 'attributes': [{'key': 'receiver', 'value': 'tellor1jgp27m8fykex4e4jtt0l7ze8q528ux2l38pvhu', 'index': True}, {'key': 'amount', 'value': '10000loya', 'index': True}, {'key': 'msg_index', 'value': '0', 'index': True}]}, {'type': 'transfer', 'attributes': [{'key': 'recipient', 'value': 'tellor1jgp27m8fykex4e4jtt0l7ze8q528ux2l38pvhu', 'index': True}, {'key': 'sender', 'value': 'tellor17gc67q05d5rgsz9caznm0s7s5eazwg2e3fkk8e', 'index': True}, {'key': 'amount', 'value': '10000loya', 'index': True}, {'key': 'msg_index', 'value': '0', 'index': True}]}, {'type': 'message', 'attributes': [{'key': 'sender', 'value': 'tellor17gc67q05d5rgsz9caznm0s7s5eazwg2e3fkk8e', 'index': True}, {'key': 'msg_index', 'value': '0', 'index': True}]}, {'type': 'coin_spent', 'attributes': [{'key': 'spender', 'value': 'tellor1jgp27m8fykex4e4jtt0l7ze8q528ux2l38pvhu', 'index': True}, {'key': 'amount', 'value': '200loya', 'index': True}, {'key': 'msg_index', 'value': '0', 'index': True}]}, {'type': 'burn', 'attributes': [{'key': 'burner', 'value': 'tellor1jgp27m8fykex4e4jtt0l7ze8q528ux2l38pvhu', 'index': True}, {'key': 'amount', 'value': '200loya', 'index': True}, {'key': 'msg_index', 'value': '0', 'index': True}]}, {'type': 'tip_added', 'attributes': [{'key': 'query_id', 'value': '0432de7bf6851ebf48cadbf3385044d815edd58208259a01aef949f0e445c9a9', 'index': True}, {'key': 'tipper', 'value': 'tellor17gc67q05d5rgsz9caznm0s7s5eazwg2e3fkk8e', 'index': True}, {'key': 'amount', 'value': '9800', 'index': True}, {'key': 'querymeta_id', 'value': '333977', 'index': True}, {'key': 'msg_index', 'value': '0', 'index': True}]}]}}"
True,23,432,we,fds,6,"{'tx': {'body': {'messages': [{'@type': '/layer.oracle.MsgTip', 'tipper': 'tellor17gc67q05d5rgsz9caznm0s7s5eazwg2e3fkk8e', 'query_data': 'AAAAAAAAAAAAAAAAAAAAAAAAAAAAAAAAAAAAAAAAAEAAAAAAAAAAAAAAAAAAAAAAAAAAAAAAAAAAAAAAAAAAgAAAAAAAAAAAAAAAAAAAAAAAAAAAAAAAAAAAAAAAAAANRXRoRGVudmVyVGVzdAAAAAAAAAAAAAAAAAAAAAAAAAAAAAAAAAAAAAAAAAAAAAAAAAAAAAAAAAAAAAAAAAAAYAAAAAAAAAAAAAAAAAAAAAAAAAAAAAAAAAAAAAAAAAAgAAAAAAAAAAAAAAAAAAAAAAAAAAAAAAAAAAAAAAAAABlncmlwX3N0cmVuZ3RoX2R5bmFtb21ldGVyAAAAAAAAAA==', 'amount': {'denom': 'loya', 'amount': '10000'}}], 'memo': '', 'timeout_height': '0', 'extension_options': [], 'non_critical_extension_options': []}, 'auth_info': {'signer_infos': [{'public_key': {'@type': '/cosmos.crypto.secp256k1.PubKey', 'key': 'AjQBGgp1AGejroRS2x/HxNu4EEOAME417hrds3OVka4q'}, 'mode_info': {'single': {'mode': 'SIGN_MODE_DIRECT'}}, 'sequence': '103'}], 'fee': {'amount': [{'denom': 'loya', 'amount': '5'}], 'gas_limit': '161903', 'payer': '', 'granter': ''}, 'tip': None}, 'signatures': ['z72oVXcFX3x66qr7WRZ4DMMF6aU0nnuFyvSd3MeKB81KOW9+PRnO1Qj0IcVbe3W1YMDKNTDnVaFLl2QCRrt4zw==']}, 'tx_response': {'height': '682019', 'txhash': 'AA71A420723AC4B86C11070F23F6CA5C890EC597EE7B709F87209BA3F3979E30', 'codespace': '', 'code': 0, 'data': '121E0A1C2F6C617965722E6F7261636C652E4D7367546970526573706F6E7365', 'raw_log': '', 'logs': [], 'info': '', 'gas_wanted': '161903', 'gas_used': '110841', 'tx': {'@type': '/cosmos.tx.v1beta1.Tx', 'body': {'messages': [{'@type': '/layer.oracle.MsgTip', 'tipper': 'tellor17gc67q05d5rgsz9caznm0s7s5eazwg2e3fkk8e', 'query_data': 'AAAAAAAAAAAAAAAAAAAAAAAAAAAAAAAAAAAAAAAAAEAAAAAAAAAAAAAAAAAAAAAAAAAAAAAAAAAAAAAAAAAAgAAAAAAAAAAAAAAAAAAAAAAAAAAAAAAAAAAAAAAAAAANRXRoRGVudmVyVGVzdAAAAAAAAAAAAAAAAAAAAAAAAAAAAAAAAAAAAAAAAAAAAAAAAAAAAAAAAAAAAAAAAAAAYAAAAAAAAAAAAAAAAAAAAAAAAAAAAAAAAAAAAAAAAAAgAAAAAAAAAAAAAAAAAAAAAAAAAAAAAAAAAAAAAAAAABlncmlwX3N0cmVuZ3RoX2R5bmFtb21ldGVyAAAAAAAAAA==', 'amount': {'denom': 'loya', 'amount': '10000'}}], 'memo': '', 'timeout_height': '0', 'extension_options': [], 'non_critical_extension_options': []}, 'auth_info': {'signer_infos': [{'public_key': {'@type': '/cosmos.crypto.secp256k1.PubKey', 'key': 'AjQBGgp1AGejroRS2x/HxNu4EEOAME417hrds3OVka4q'}, 'mode_info': {'single': {'mode': 'SIGN_MODE_DIRECT'}}, 'sequence': '103'}], 'fee': {'amount': [{'denom': 'loya', 'amount': '5'}], 'gas_limit': '161903', 'payer': '', 'granter': ''}, 'tip': None}, 'signatures': ['z72oVXcFX3x66qr7WRZ4DMMF6aU0nnuFyvSd3MeKB81KOW9+PRnO1Qj0IcVbe3W1YMDKNTDnVaFLl2QCRrt4zw==']}, 'timestamp': '2025-02-22T02:25:01Z', 'events': [{'type': 'coin_spent', 'attributes': [{'key': 'spender', 'value': 'tellor17gc67q05d5rgsz9caznm0s7s5eazwg2e3fkk8e', 'index': True}, {'key': 'amount', 'value': '5loya', 'index': True}]}, {'type': 'coin_received', 'attributes': [{'key': 'receiver', 'value': 'tellor17xpfvakm2amg962yls6f84z3kell8c5ls06m3g', 'index': True}, {'key': 'amount', 'value': '5loya', 'index': True}]}, {'type': 'transfer', 'attributes': [{'key': 'recipient', 'value': 'tellor17xpfvakm2amg962yls6f84z3kell8c5ls06m3g', 'index': True}, {'key': 'sender', 'value': 'tellor17gc67q05d5rgsz9caznm0s7s5eazwg2e3fkk8e', 'index': True}, {'key': 'amount', 'value': '5loya', 'index': True}]}, {'type': 'message', 'attributes': [{'key': 'sender', 'value': 'tellor17gc67q05d5rgsz9caznm0s7s5eazwg2e3fkk8e', 'index': True}]}, {'type': 'tx', 'attributes': [{'key': 'fee', 'value': '5loya', 'index': True}, {'key': 'fee_payer', 'value': 'tellor17gc67q05d5rgsz9caznm0s7s5eazwg2e3fkk8e', 'index': True}]}, {'type': 'tx', 'attributes': [{'key': 'acc_seq', 'value': 'tellor17gc67q05d5rgsz9caznm0s7s5eazwg2e3fkk8e/103', 'index': True}]}, {'type': 'tx', 'attributes': [{'key': 'signature', 'value': 'z72oVXcFX3x66qr7WRZ4DMMF6aU0nnuFyvSd3MeKB81KOW9+PRnO1Qj0IcVbe3W1YMDKNTDnVaFLl2QCRrt4zw==', 'index': True}]}, {'type': 'message', 'attributes': [{'key': 'action', 'value': '/layer.oracle.MsgTip', 'index': True}, {'key': 'sender', 'value': 'tellor17gc67q05d5rgsz9caznm0s7s5eazwg2e3fkk8e', 'index': True}, {'key': 'module', 'value': 'oracle', 'index': True}, {'key': 'msg_index', 'value': '0', 'index': True}]}, {'type': 'coin_spent', 'attributes': [{'key': 'spender', 'value': 'tellor17gc67q05d5rgsz9caznm0s7s5eazwg2e3fkk8e', 'index': True}, {'key': 'amount', 'value': '10000loya', 'index': True}, {'key': 'msg_index', 'value': '0', 'index': True}]}, {'type': 'coin_received', 'attributes': [{'key': 'receiver', 'value': 'tellor1jgp27m8fykex4e4jtt0l7ze8q528ux2l38pvhu', 'index': True}, {'key': 'amount', 'value': '10000loya', 'index': True}, {'key': 'msg_index', 'value': '0', 'index': True}]}, {'type': 'transfer', 'attributes': [{'key': 'recipient', 'value': 'tellor1jgp27m8fykex4e4jtt0l7ze8q528ux2l38pvhu', 'index': True}, {'key': 'sender', 'value': 'tellor17gc67q05d5rgsz9caznm0s7s5eazwg2e3fkk8e', 'index': True}, {'key': 'amount', 'value': '10000loya', 'index': True}, {'key': 'msg_index', 'value': '0', 'index': True}]}, {'type': 'message', 'attributes': [{'key': 'sender', 'value': 'tellor17gc67q05d5rgsz9caznm0s7s5eazwg2e3fkk8e', 'index': True}, {'key': 'msg_index', 'value': '0', 'index': True}]}, {'type': 'coin_spent', 'attributes': [{'key': 'spender', 'value': 'tellor1jgp27m8fykex4e4jtt0l7ze8q528ux2l38pvhu', 'index': True}, {'key': 'amount', 'value': '200loya', 'index': True}, {'key': 'msg_index', 'value': '0', 'index': True}]}, {'type': 'burn', 'attributes': [{'key': 'burner', 'value': 'tellor1jgp27m8fykex4e4jtt0l7ze8q528ux2l38pvhu', 'index': True}, {'key': 'amount', 'value': '200loya', 'index': True}, {'key': 'msg_index', 'value': '0', 'index': True}]}, {'type': 'tip_added', 'attributes': [{'key': 'query_id', 'value': '0432de7bf6851ebf48cadbf3385044d815edd58208259a01aef949f0e445c9a9', 'index': True}, {'key': 'tipper', 'value': 'tellor17gc67q05d5rgsz9caznm0s7s5eazwg2e3fkk8e', 'index': True}, {'key': 'amount', 'value': '9800', 'index': True}, {'key': 'querymeta_id', 'value': '341108', 'index': True}, {'key': 'msg_index', 'value': '0', 'index': True}]}]}}"
False,99,111,notspuddy,kindaspuddy,5,"{'tx': {'body': {'messages': [{'@type': '/layer.oracle.MsgTip', 'tipper': 'tellor17gc67q05d5rgsz9caznm0s7s5eazwg2e3fkk8e', 'query_data': 'AAAAAAAAAAAAAAAAAAAAAAAAAAAAAAAAAAAAAAAAAEAAAAAAAAAAAAAAAAAAAAAAAAAAAAAAAAAAAAAAAAAAgAAAAAAAAAAAAAAAAAAAAAAAAAAAAAAAAAAAAAAAAAANRXRoRGVudmVyVGVzdAAAAAAAAAAAAAAAAAAAAAAAAAAAAAAAAAAAAAAAAAAAAAAAAAAAAAAAAAAAAAAAAAAAYAAAAAAAAAAAAAAAAAAAAAAAAAAAAAAAAAAAAAAAAAAgAAAAAAAAAAAAAAAAAAAAAAAAAAAAAAAAAAAAAAAAABlncmlwX3N0cmVuZ3RoX2R5bmFtb21ldGVyAAAAAAAAAA==', 'amount': {'denom': 'loya', 'amount': '10000'}}], 'memo': '', 'timeout_height': '0', 'extension_options': [], 'non_critical_extension_options': []}, 'auth_info': {'signer_infos': [{'public_key': {'@type': '/cosmos.crypto.secp256k1.PubKey', 'key': 'AjQBGgp1AGejroRS2x/HxNu4EEOAME417hrds3OVka4q'}, 'mode_info': {'single': {'mode': 'SIGN_MODE_DIRECT'}}, 'sequence': '105'}], 'fee': {'amount': [{'denom': 'loya', 'amount': '5'}], 'gas_limit': '162055', 'payer': '', 'granter': ''}, 'tip': None}, 'signatures': ['PadK4SelyriQidbpWdb0yfVLI2uqNF5xxzxEPzfUuMNG0RoCjPM+VTw25bWfEPrBQSAkfuTg5nsS6f1dXUz5Pg==']}, 'tx_response': {'height': '682084', 'txhash': '6EDEB292D1E83EA6F4B1421CC8D1207475B900F3167EC6E64A8F84A83D2538F2', 'codespace': '', 'code': 0, 'data': '121E0A1C2F6C617965722E6F7261636C652E4D7367546970526573706F6E7365', 'raw_log': '', 'logs': [], 'info': '', 'gas_wanted': '162055', 'gas_used': '110928', 'tx': {'@type': '/cosmos.tx.v1beta1.Tx', 'body': {'messages': [{'@type': '/layer.oracle.MsgTip', 'tipper': 'tellor17gc67q05d5rgsz9caznm0s7s5eazwg2e3fkk8e', 'query_data': 'AAAAAAAAAAAAAAAAAAAAAAAAAAAAAAAAAAAAAAAAAEAAAAAAAAAAAAAAAAAAAAAAAAAAAAAAAAAAAAAAAAAAgAAAAAAAAAAAAAAAAAAAAAAAAAAAAAAAAAAAAAAAAAANRXRoRGVudmVyVGVzdAAAAAAAAAAAAAAAAAAAAAAAAAAAAAAAAAAAAAAAAAAAAAAAAAAAAAAAAAAAAAAAAAAAYAAAAAAAAAAAAAAAAAAAAAAAAAAAAAAAAAAAAAAAAAAgAAAAAAAAAAAAAAAAAAAAAAAAAAAAAAAAAAAAAAAAABlncmlwX3N0cmVuZ3RoX2R5bmFtb21ldGVyAAAAAAAAAA==', 'amount': {'denom': 'loya', 'amount': '10000'}}], 'memo': '', 'timeout_height': '0', 'extension_options': [], 'non_critical_extension_options': []}, 'auth_info': {'signer_infos': [{'public_key': {'@type': '/cosmos.crypto.secp256k1.PubKey', 'key': 'AjQBGgp1AGejroRS2x/HxNu4EEOAME417hrds3OVka4q'}, 'mode_info': {'single': {'mode': 'SIGN_MODE_DIRECT'}}, 'sequence': '105'}], 'fee': {'amount': [{'denom': 'loya', 'amount': '5'}], 'gas_limit': '162055', 'payer': '', 'granter': ''}, 'tip': None}, 'signatures': ['PadK4SelyriQidbpWdb0yfVLI2uqNF5xxzxEPzfUuMNG0RoCjPM+VTw25bWfEPrBQSAkfuTg5nsS6f1dXUz5Pg==']}, 'timestamp': '2025-02-22T02:28:09Z', 'events': [{'type': 'coin_spent', 'attributes': [{'key': 'spender', 'value': 'tellor17gc67q05d5rgsz9caznm0s7s5eazwg2e3fkk8e', 'index': True}, {'key': 'amount', 'value': '5loya', 'index': True}]}, {'type': 'coin_received', 'attributes': [{'key': 'receiver', 'value': 'tellor17xpfvakm2amg962yls6f84z3kell8c5ls06m3g', 'index': True}, {'key': 'amount', 'value': '5loya', 'index': True}]}, {'type': 'transfer', 'attributes': [{'key': 'recipient', 'value': 'tellor17xpfvakm2amg962yls6f84z3kell8c5ls06m3g', 'index': True}, {'key': 'sender', 'value': 'tellor17gc67q05d5rgsz9caznm0s7s5eazwg2e3fkk8e', 'index': True}, {'key': 'amount', 'value': '5loya', 'index': True}]}, {'type': 'message', 'attributes': [{'key': 'sender', 'value': 'tellor17gc67q05d5rgsz9caznm0s7s5eazwg2e3fkk8e', 'index': True}]}, {'type': 'tx', 'attributes': [{'key': 'fee', 'value': '5loya', 'index': True}, {'key': 'fee_payer', 'value': 'tellor17gc67q05d5rgsz9caznm0s7s5eazwg2e3fkk8e', 'index': True}]}, {'type': 'tx', 'attributes': [{'key': 'acc_seq', 'value': 'tellor17gc67q05d5rgsz9caznm0s7s5eazwg2e3fkk8e/105', 'index': True}]}, {'type': 'tx', 'attributes': [{'key': 'signature', 'value': 'PadK4SelyriQidbpWdb0yfVLI2uqNF5xxzxEPzfUuMNG0RoCjPM+VTw25bWfEPrBQSAkfuTg5nsS6f1dXUz5Pg==', 'index': True}]}, {'type': 'message', 'attributes': [{'key': 'action', 'value': '/layer.oracle.MsgTip', 'index': True}, {'key': 'sender', 'value': 'tellor17gc67q05d5rgsz9caznm0s7s5eazwg2e3fkk8e', 'index': True}, {'key': 'module', 'value': 'oracle', 'index': True}, {'key': 'msg_index', 'value': '0', 'index': True}]}, {'type': 'coin_spent', 'attributes': [{'key': 'spender', 'value': 'tellor17gc67q05d5rgsz9caznm0s7s5eazwg2e3fkk8e', 'index': True}, {'key': 'amount', 'value': '10000loya', 'index': True}, {'key': 'msg_index', 'value': '0', 'index': True}]}, {'type': 'coin_received', 'attributes': [{'key': 'receiver', 'value': 'tellor1jgp27m8fykex4e4jtt0l7ze8q528ux2l38pvhu', 'index': True}, {'key': 'amount', 'value': '10000loya', 'index': True}, {'key': 'msg_index', 'value': '0', 'index': True}]}, {'type': 'transfer', 'attributes': [{'key': 'recipient', 'value': 'tellor1jgp27m8fykex4e4jtt0l7ze8q528ux2l38pvhu', 'index': True}, {'key': 'sender', 'value': 'tellor17gc67q05d5rgsz9caznm0s7s5eazwg2e3fkk8e', 'index': True}, {'key': 'amount', 'value': '10000loya', 'index': True}, {'key': 'msg_index', 'value': '0', 'index': True}]}, {'type': 'message', 'attributes': [{'key': 'sender', 'value': 'tellor17gc67q05d5rgsz9caznm0s7s5eazwg2e3fkk8e', 'index': True}, {'key': 'msg_index', 'value': '0', 'index': True}]}, {'type': 'coin_spent', 'attributes': [{'key': 'spender', 'value': 'tellor1jgp27m8fykex4e4jtt0l7ze8q528ux2l38pvhu', 'index': True}, {'key': 'amount', 'value': '200loya', 'index': True}, {'key': 'msg_index', 'value': '0', 'index': True}]}, {'type': 'burn', 'attributes': [{'key': 'burner', 'value': 'tellor1jgp27m8fykex4e4jtt0l7ze8q528ux2l38pvhu', 'index': True}, {'key': 'amount', 'value': '200loya', 'index': True}, {'key': 'msg_index', 'value': '0', 'index': True}]}, {'type': 'tip_added', 'attributes': [{'key': 'query_id', 'value': '0432de7bf6851ebf48cadbf3385044d815edd58208259a01aef949f0e445c9a9', 'index': True}, {'key': 'tipper', 'value': 'tellor17gc67q05d5rgsz9caznm0s7s5eazwg2e3fkk8e', 'index': True}, {'key': 'amount', 'value': '9800', 'index': True}, {'key': 'querymeta_id', 'value': '341108', 'index': True}, {'key': 'msg_index', 'value': '0', 'index': True}]}]}}"
True,13,13,asdf,asdf,6,"{'tx': {'body': {'messages': [{'@type': '/layer.oracle.MsgTip', 'tipper': 'tellor17gc67q05d5rgsz9caznm0s7s5eazwg2e3fkk8e', 'query_data': 'AAAAAAAAAAAAAAAAAAAAAAAAAAAAAAAAAAAAAAAAAEAAAAAAAAAAAAAAAAAAAAAAAAAAAAAAAAAAAAAAAAAAgAAAAAAAAAAAAAAAAAAAAAAAAAAAAAAAAAAAAAAAAAANRXRoRGVudmVyVGVzdAAAAAAAAAAAAAAAAAAAAAAAAAAAAAAAAAAAAAAAAAAAAAAAAAAAAAAAAAAAAAAAAAAAYAAAAAAAAAAAAAAAAAAAAAAAAAAAAAAAAAAAAAAAAAAgAAAAAAAAAAAAAAAAAAAAAAAAAAAAAAAAAAAAAAAAABlncmlwX3N0cmVuZ3RoX2R5bmFtb21ldGVyAAAAAAAAAA==', 'amount': {'denom': 'loya', 'amount': '10000'}}], 'memo': '', 'timeout_height': '0', 'extension_options': [], 'non_critical_extension_options': []}, 'auth_info': {'signer_infos': [{'public_key': {'@type': '/cosmos.crypto.secp256k1.PubKey', 'key': 'AjQBGgp1AGejroRS2x/HxNu4EEOAME417hrds3OVka4q'}, 'mode_info': {'single': {'mode': 'SIGN_MODE_DIRECT'}}, 'sequence': '106'}], 'fee': {'amount': [{'denom': 'loya', 'amount': '5'}], 'gas_limit': '162043', 'payer': '', 'granter': ''}, 'tip': None}, 'signatures': ['mn3Go8ir3CFw/BDop5WtN+zc4uEWN/aUuRyu+OzGI1RnZPHJ3fkQLg87HE98qzrHFH7gFEPYLsuYhcKOltHLJg==']}, 'tx_response': {'height': '682345', 'txhash': 'E89C47A1A6EDDC549AC08827CBF8E0910CD491EC780633D2C989CBE0CFB5CD0F', 'codespace': '', 'code': 0, 'data': '121E0A1C2F6C617965722E6F7261636C652E4D7367546970526573706F6E7365', 'raw_log': '', 'logs': [], 'info': '', 'gas_wanted': '162043', 'gas_used': '110957', 'tx': {'@type': '/cosmos.tx.v1beta1.Tx', 'body': {'messages': [{'@type': '/layer.oracle.MsgTip', 'tipper': 'tellor17gc67q05d5rgsz9caznm0s7s5eazwg2e3fkk8e', 'query_data': 'AAAAAAAAAAAAAAAAAAAAAAAAAAAAAAAAAAAAAAAAAEAAAAAAAAAAAAAAAAAAAAAAAAAAAAAAAAAAAAAAAAAAgAAAAAAAAAAAAAAAAAAAAAAAAAAAAAAAAAAAAAAAAAANRXRoRGVudmVyVGVzdAAAAAAAAAAAAAAAAAAAAAAAAAAAAAAAAAAAAAAAAAAAAAAAAAAAAAAAAAAAAAAAAAAAYAAAAAAAAAAAAAAAAAAAAAAAAAAAAAAAAAAAAAAAAAAgAAAAAAAAAAAAAAAAAAAAAAAAAAAAAAAAAAAAAAAAABlncmlwX3N0cmVuZ3RoX2R5bmFtb21ldGVyAAAAAAAAAA==', 'amount': {'denom': 'loya', 'amount': '10000'}}], 'memo': '', 'timeout_height': '0', 'extension_options': [], 'non_critical_extension_options': []}, 'auth_info': {'signer_infos': [{'public_key': {'@type': '/cosmos.crypto.secp256k1.PubKey', 'key': 'AjQBGgp1AGejroRS2x/HxNu4EEOAME417hrds3OVka4q'}, 'mode_info': {'single': {'mode': 'SIGN_MODE_DIRECT'}}, 'sequence': '106'}], 'fee': {'amount': [{'denom': 'loya', 'amount': '5'}], 'gas_limit': '162043', 'payer': '', 'granter': ''}, 'tip': None}, 'signatures': ['mn3Go8ir3CFw/BDop5WtN+zc4uEWN/aUuRyu+OzGI1RnZPHJ3fkQLg87HE98qzrHFH7gFEPYLsuYhcKOltHLJg==']}, 'timestamp': '2025-02-22T02:41:00Z', 'events': [{'type': 'coin_spent', 'attributes': [{'key': 'spender', 'value': 'tellor17gc67q05d5rgsz9caznm0s7s5eazwg2e3fkk8e', 'index': True}, {'key': 'amount', 'value': '5loya', 'index': True}]}, {'type': 'coin_received', 'attributes': [{'key': 'receiver', 'value': 'tellor17xpfvakm2amg962yls6f84z3kell8c5ls06m3g', 'index': True}, {'key': 'amount', 'value': '5loya', 'index': True}]}, {'type': 'transfer', 'attributes': [{'key': 'recipient', 'value': 'tellor17xpfvakm2amg962yls6f84z3kell8c5ls06m3g', 'index': True}, {'key': 'sender', 'value': 'tellor17gc67q05d5rgsz9caznm0s7s5eazwg2e3fkk8e', 'index': True}, {'key': 'amount', 'value': '5loya', 'index': True}]}, {'type': 'message', 'attributes': [{'key': 'sender', 'value': 'tellor17gc67q05d5rgsz9caznm0s7s5eazwg2e3fkk8e', 'index': True}]}, {'type': 'tx', 'attributes': [{'key': 'fee', 'value': '5loya', 'index': True}, {'key': 'fee_payer', 'value': 'tellor17gc67q05d5rgsz9caznm0s7s5eazwg2e3fkk8e', 'index': True}]}, {'type': 'tx', 'attributes': [{'key': 'acc_seq', 'value': 'tellor17gc67q05d5rgsz9caznm0s7s5eazwg2e3fkk8e/106', 'index': True}]}, {'type': 'tx', 'attributes': [{'key': 'signature', 'value': 'mn3Go8ir3CFw/BDop5WtN+zc4uEWN/aUuRyu+OzGI1RnZPHJ3fkQLg87HE98qzrHFH7gFEPYLsuYhcKOltHLJg==', 'index': True}]}, {'type': 'message', 'attributes': [{'key': 'action', 'value': '/layer.oracle.MsgTip', 'index': True}, {'key': 'sender', 'value': 'tellor17gc67q05d5rgsz9caznm0s7s5eazwg2e3fkk8e', 'index': True}, {'key': 'module', 'value': 'oracle', 'index': True}, {'key': 'msg_index', 'value': '0', 'index': True}]}, {'type': 'coin_spent', 'attributes': [{'key': 'spender', 'value': 'tellor17gc67q05d5rgsz9caznm0s7s5eazwg2e3fkk8e', 'index': True}, {'key': 'amount', 'value': '10000loya', 'index': True}, {'key': 'msg_index', 'value': '0', 'index': True}]}, {'type': 'coin_received', 'attributes': [{'key': 'receiver', 'value': 'tellor1jgp27m8fykex4e4jtt0l7ze8q528ux2l38pvhu', 'index': True}, {'key': 'amount', 'value': '10000loya', 'index': True}, {'key': 'msg_index', 'value': '0', 'index': True}]}, {'type': 'transfer', 'attributes': [{'key': 'recipient', 'value': 'tellor1jgp27m8fykex4e4jtt0l7ze8q528ux2l38pvhu', 'index': True}, {'key': 'sender', 'value': 'tellor17gc67q05d5rgsz9caznm0s7s5eazwg2e3fkk8e', 'index': True}, {'key': 'amount', 'value': '10000loya', 'index': True}, {'key': 'msg_index', 'value': '0', 'index': True}]}, {'type': 'message', 'attributes': [{'key': 'sender', 'value': 'tellor17gc67q05d5rgsz9caznm0s7s5eazwg2e3fkk8e', 'index': True}, {'key': 'msg_index', 'value': '0', 'index': True}]}, {'type': 'coin_spent', 'attributes': [{'key': 'spender', 'value': 'tellor1jgp27m8fykex4e4jtt0l7ze8q528ux2l38pvhu', 'index': True}, {'key': 'amount', 'value': '200loya', 'index': True}, {'key': 'msg_index', 'value': '0', 'index': True}]}, {'type': 'burn', 'attributes': [{'key': 'burner', 'value': 'tellor1jgp27m8fykex4e4jtt0l7ze8q528ux2l38pvhu', 'index': True}, {'key': 'amount', 'value': '200loya', 'index': True}, {'key': 'msg_index', 'value': '0', 'index': True}]}, {'type': 'tip_added', 'attributes': [{'key': 'query_id', 'value': '0432de7bf6851ebf48cadbf3385044d815edd58208259a01aef949f0e445c9a9', 'index': True}, {'key': 'tipper', 'value': 'tellor17gc67q05d5rgsz9caznm0s7s5eazwg2e3fkk8e', 'index': True}, {'key': 'amount', 'value': '9800', 'index': True}, {'key': 'querymeta_id', 'value': '341284', 'index': True}, {'key': 'msg_index', 'value': '0', 'index': True}]}]}}"
